1,Bulbasaur,Grass,Poison,45,49,49,65,65,45,318,Overgrow,NULL,Chlorophyll
2,Ivysaur,Grass,Poison,60,62,63,80,80,60,405,Overgrow,NULL,Chlorophyll
3,Venusaur,Grass,Poison,80,82,83,100,100,80,525,Overgrow,NULL,Chlorophyll
4,Charmander,Fire,NULL,39,52,43,60,50,65,309,Blaze,NULL,Solar Power
5,Charmeleon,Fire,NULL,58,64,58,80,65,80,405,Blaze,NULL,Solar Power
6,Charizard,Fire,Flying,78,84,78,109,85,100,534,Blaze,NULL,Solar Power
7,Squirtle,Water,NULL,44,48,65,50,64,43,314,Torrent,NULL,Rain Dish
8,Wartortle,Water,NULL,59,63,80,65,80,58,405,Torrent,NULL,Rain Dish
9,Blastoise,Water,NULL,79,83,100,85,105,78,530,Torrent,NULL,Rain Dish
10,Caterpie,Bug,NULL,45,30,35,20,20,45,195,Shield Dust,NULL,Run Away
11,Metapod,Bug,NULL,50,20,55,25,25,30,205,Shed Skin,NULL,NULL
12,Butterfree,Bug,Flying,60,45,50,90,80,70,395,Compound Eyes,NULL,Tinted Lens
13,Weedle,Bug,Poison,40,35,30,20,20,50,195,Shield Dust,NULL,Run Away
14,Kakuna,Bug,Poison,45,25,50,25,25,35,205,Shed Skin,NULL,NULL
15,Beedrill,Bug,Poison,65,90,40,45,80,75,395,Swarm,NULL,Sniper
16,Pidgey,Normal,Flying,40,45,40,35,35,56,251,Keen Eye,Tangled Feet*,Big Pecks
17,Pidgeotto,Normal,Flying,63,60,55,50,50,71,349,Keen Eye,Tangled Feet*,Big Pecks
18,Pidgeot,Normal,Flying,83,80,75,70,70,101,479,Keen Eye,Tangled Feet*,Big Pecks
19,Rattata,Normal,NULL,30,56,35,25,35,72,253,Run Away,Guts,Hustle
19,Rattata-Alolan,Dark,Normal,30,56,35,25,35,72,253,Gluttony,Hustle,Thick Fat
20,Raticate,Normal,NULL,55,81,60,50,70,97,413,Run Away,Guts,Hustle
20,Raticate-Alolan,Dark,Normal,75,71,70,40,80,77,413,Gluttony,Hustle,Thick Fat
21,Spearow,Normal,Flying,40,60,30,31,31,70,262,Keen Eye,NULL,Sniper
22,Fearow,Normal,Flying,65,90,65,61,61,100,442,Keen Eye,NULL,Sniper
23,Ekans,Poison,NULL,35,60,44,40,54,55,288,Intimidate,Shed Skin,Unnerve
24,Arbok,Poison,NULL,60,95,69,65,79,80,448,Intimidate,Shed Skin,Unnerve
25,Pikachu,Electric,NULL,35,55,40,50,50,90,320,Static,NULL,Lightning Rod
26,Raichu,Electric,NULL,60,90,55,90,80,110,485,Static,NULL,Lightning Rod
26,Raichu-Alolan,Electric,Psychic,60,85,50,95,85,110,485,Surge Surfer,NULL,NULL
27,Sandshrew,Ground,NULL,50,75,85,20,30,40,300,Sand Veil,NULL,Sand Rush
27,Sandshrew-Alolan,Ice,Steel,50,75,90,10,35,40,300,Snow Cloak,NULL,Slush Rush
28,Sandslash,Ground,NULL,75,100,110,45,55,65,450,Sand Veil,NULL,Sand Rush
28,Sandslash-Alolan,Ice,Steel,75,100,120,25,65,65,450,Snow Cloak,NULL,Slush Rush
29,Nidoran♀,Poison,NULL,55,47,52,40,40,41,275,Poison Point,Rivalry*,Hustle
30,Nidorina,Poison,NULL,70,62,67,55,55,56,365,Poison Point,Rivalry*,Hustle
31,Nidoqueen,Poison,Ground,90,92,87,75,85,76,505,Poison Point,Rivalry*,Sheer Force
32,Nidoran♂,Poison,NULL,46,57,40,40,40,50,273,Poison Point,Rivalry*,Hustle
33,Nidorino,Poison,NULL,61,72,57,55,55,65,365,Poison Point,Rivalry*,Hustle
34,Nidoking,Poison,Ground,81,102,77,85,75,85,505,Poison Point,Rivalry*,Sheer Force
35,Clefairy,Fairy,NULL,70,45,48,60,65,35,323,Cute Charm,Magic Guard*,Friend Guard
36,Clefable,Fairy,NULL,95,70,73,95,90,60,483,Cute Charm,Magic Guard*,Unaware
37,Vulpix,Fire,NULL,38,41,40,50,65,65,299,Flash Fire,NULL,Drought
37,Vulpix-Alolan,Ice,NULL,38,41,40,50,65,65,299,Snow Cloak,NULL,Snow Warning
38,Ninetales,Fire,NULL,73,76,75,81,100,100,505,Flash Fire,NULL,Drought
38,Ninetales-Alolan,Ice,Fairy,73,67,75,81,100,109,505,Snow Cloak,NULL,Snow Warning
39,Jigglypuff,Normal,Fairy,115,45,20,45,25,20,270,Cute Charm,Competitive*,Friend Guard
40,Wigglytuff,Normal,Fairy,140,70,45,85,50,45,435,Cute Charm,Competitive*,Frisk
41,Zubat,Poison,Flying,40,45,35,30,40,55,245,Inner Focus,NULL,Infiltrator
42,Golbat,Poison,Flying,75,80,70,65,75,90,455,Inner Focus,NULL,Infiltrator
43,Oddish,Grass,Poison,45,50,55,75,65,30,320,Chlorophyll,NULL,Run Away
44,Gloom,Grass,Poison,60,65,70,85,75,40,395,Chlorophyll,NULL,Stench
45,Vileplume,Grass,Poison,75,80,85,110,90,50,490,Chlorophyll,NULL,Effect Spore
46,Paras,Bug,Grass,35,70,55,45,55,25,285,Effect Spore,Dry Skin*,Damp
47,Parasect,Bug,Grass,60,95,80,60,80,30,405,Effect Spore,Dry Skin*,Damp
48,Venonat,Bug,Poison,60,55,50,40,55,45,305,Compound Eyes,Tinted Lens*,Run Away
49,Venomoth,Bug,Poison,70,65,60,90,75,90,450,Shield Dust,Tinted Lens*,Wonder Skin
50,Diglett,Ground,NULL,10,55,25,35,45,95,265,Sand Veil,Arena Trap,Sand Force
50,Diglett-Alolan,Ground,Steel,10,55,30,35,45,90,265,Sand Veil,Tangling Hair,Sand Force
51,Dugtrio,Ground,NULL,35,100,50,50,70,120,425,Sand Veil,Arena Trap,Sand Force
51,Dugtrio-Alolan,Ground,Steel,35,100,60,50,70,110,425,Sand Veil,Tangling Hair,Sand Force
52,Meowth,Normal,NULL,40,45,35,40,40,90,290,Pickup,Technician*,Unnerve
52,Meowth-Alolan,Dark,NULL,40,35,35,50,40,90,290,Pickup,Technician,Rattled
52,Meowth-Galar,Steel,NULL,50,65,55,40,40,40,290,Pickup,Tough Claws,Unnerve
53,Persian,Normal,NULL,65,70,60,65,65,115,440,Limber,Technician*,Unnerve
53,Persian-Alolan,Dark,NULL,65,60,60,75,65,115,440,Fur Coat,Technician,Rattled
54,Psyduck,Water,NULL,50,52,48,65,50,55,320,Damp,Cloud Nine,Swift Swim
55,Golduck,Water,NULL,80,82,78,95,80,85,500,Damp,Cloud Nine,Swift Swim
56,Mankey,Fighting,NULL,40,80,35,35,45,70,305,Vital Spirit,Anger Point*,Defiant
57,Primeape,Fighting,NULL,65,105,60,60,70,95,455,Vital Spirit,Anger Point*,Defiant
58,Growlithe,Fire,NULL,55,70,45,70,50,60,350,Intimidate,Flash Fire,Justified
59,Arcanine,Fire,NULL,90,110,80,100,80,95,555,Intimidate,Flash Fire,Justified
60,Poliwag,Water,NULL,40,50,40,40,40,90,300,Water Absorb,Damp,Swift Swim
61,Poliwhirl,Water,NULL,65,65,65,50,50,90,385,Water Absorb,Damp,Swift Swim
62,Poliwrath,Water,Fighting,90,95,95,70,90,70,510,Water Absorb,Damp,Swift Swim
63,Abra,Psychic,NULL,25,20,15,105,55,90,310,Synchronize,Inner Focus,Magic Guard
64,Kadabra,Psychic,NULL,40,35,30,120,70,105,400,Synchronize,Inner Focus,Magic Guard
65,Alakazam,Psychic,NULL,55,50,45,135,95,120,500,Synchronize,Inner Focus,Magic Guard
66,Machop,Fighting,NULL,70,80,50,35,35,35,305,Guts,No Guard*,Steadfast
67,Machoke,Fighting,NULL,80,100,70,50,60,45,405,Guts,No Guard*,Steadfast
68,Machamp,Fighting,NULL,90,130,80,65,85,55,505,Guts,No Guard*,Steadfast
69,Bellsprout,Grass,Poison,50,75,35,70,30,40,300,Chlorophyll,NULL,Gluttony
70,Weepinbell,Grass,Poison,65,90,50,85,45,55,390,Chlorophyll,NULL,Gluttony
71,Victreebel,Grass,Poison,80,105,65,100,70,70,490,Chlorophyll,NULL,Gluttony
72,Tentacool,Water,Poison,40,40,35,50,100,70,335,Clear Body,Liquid Ooze,Rain Dish
73,Tentacruel,Water,Poison,80,70,65,80,120,100,515,Clear Body,Liquid Ooze,Rain Dish
74,Geodude,Rock,Ground,40,80,100,30,30,20,300,Rock Head,Sturdy,Sand Veil
74,Geodude-Alolan,Rock,Electric,40,80,100,30,30,20,300,Magnet Pull,Sturdy,Galvanize
75,Graveler,Rock,Ground,55,95,115,45,45,35,390,Rock Head,Sturdy,Sand Veil
75,Graveler-Alolan,Rock,Electric,55,95,115,45,45,35,390,Magnet Pull,Sturdy,Galvanize
76,Golem,Rock,Ground,80,120,130,55,65,45,495,Rock Head,Sturdy,Sand Veil
76,Golem-Alolan,Rock,Electric,80,120,130,55,65,45,495,Magnet Pull,Sturdy,Galvanize
77,Ponyta,Fire,NULL,50,85,55,65,65,90,410,Run Away,Flash Fire,Flame Body
77,Ponyta-Galar,Psychic,NULL,50,85,55,65,65,90,410,Run Away,Pastel Veil,Anticipation
78,Rapidash,Fire,NULL,65,100,70,80,80,105,500,Run Away,Flash Fire,Flame Body
78,Rapidash-Galar,Psychic,Fairy,65,100,70,80,80,105,500,Run Away,Pastel Veil,Anticipation
79,Slowpoke,Water,Psychic,90,65,65,40,40,15,315,Oblivious,Own Tempo,Regenerator
79,Slowpoke-Galar,Psychic,NULL,90,65,65,40,40,15,315,Gluttony,Own Tempo,Regenerator
80,Slowbro,Water,Psychic,95,75,110,100,80,30,490,Oblivious,Own Tempo,Regenerator
80,Slowbro-Galar,Poison,Psychic,95,100,95,100,70,30,490,Quick Draw,Own Tempo,Regenerator
81,Magnemite,Electric,Steel,25,35,70,95,55,45,325,Magnet Pull,Sturdy,Analytic
82,Magneton,Electric,Steel,50,60,95,120,70,70,465,Magnet Pull,Sturdy,Analytic
83,Farfetch'd,Normal,Flying,52,90,55,58,62,60,377,Keen Eye,Inner Focus,Defiant
83,Farfetch'd-Galar,Fighting,NULL,52,95,55,58,62,55,377,Steadfast,NULL,Scrappy
84,Doduo,Normal,Flying,35,85,45,35,35,75,310,Run Away,Early Bird,Tangled Feet
85,Dodrio,Normal,Flying,60,110,70,60,60,110,470,Run Away,Early Bird,Tangled Feet
86,Seel,Water,NULL,65,45,55,45,70,45,325,Thick Fat,Hydration*,Ice Body
87,Dewgong,Water,Ice,90,70,80,70,95,70,475,Thick Fat,Hydration*,Ice Body
88,Grimer,Poison,NULL,80,80,50,40,50,25,325,Stench,Sticky Hold,Poison Touch
88,Grimer-Alolan,Poison,Dark,80,80,50,40,50,25,325,Poison Touch,Gluttony,Power of Alchemy
89,Muk,Poison,NULL,105,105,75,65,100,50,500,Stench,Sticky Hold,Poison Touch
89,Muk-Alolan,Poison,Dark,105,105,75,65,100,50,500,Poison Touch,Gluttony,Power of Alchemy
90,Shellder,Water,NULL,30,65,100,45,25,40,305,Shell Armor,Skill Link*,Overcoat
91,Cloyster,Water,Ice,50,95,180,85,45,70,525,Shell Armor,Skill Link*,Overcoat
92,Gastly,Ghost,Poison,30,35,30,100,35,80,310,Levitate,NULL,NULL
93,Haunter,Ghost,Poison,45,50,45,115,55,95,405,Levitate,NULL,NULL
94,Gengar,Ghost,Poison,60,65,60,130,75,110,500,Cursed Body,NULL,NULL
95,Onix,Rock,Ground,35,45,160,30,45,70,385,Rock Head,Sturdy,Weak Armor
96,Drowzee,Psychic,NULL,60,48,45,43,90,42,328,Insomnia,Forewarn*,Inner Focus
97,Hypno,Psychic,NULL,85,73,70,73,115,67,483,Insomnia,Forewarn*,Inner Focus
98,Krabby,Water,NULL,30,105,90,25,25,50,325,Hyper Cutter,Shell Armor,Sheer Force
99,Kingler,Water,NULL,55,130,115,50,50,75,475,Hyper Cutter,Shell Armor,Sheer Force
100,Voltorb,Electric,NULL,40,30,50,55,55,100,330,Soundproof,Static,Aftermath
101,Electrode,Electric,NULL,60,50,70,80,80,150,490,Soundproof,Static,Aftermath
102,Exeggcute,Grass,Psychic,60,40,80,60,45,40,325,Chlorophyll,NULL,Harvest
103,Exeggutor,Grass,Psychic,95,95,85,125,75,55,530,Chlorophyll,NULL,Harvest
103,Exeggutor-Alolan,Grass,Dragon,95,105,85,125,75,45,530,Frisk,NULL,Harvest
104,Cubone,Ground,NULL,50,50,95,40,50,35,320,Rock Head,Lightning Rod,Battle Armor
105,Marowak,Ground,NULL,60,80,110,50,80,45,425,Rock Head,Lightning Rod,Battle Armor
105,Marowak-Alolan,Fire,Ghost,60,80,110,50,80,45,425,Cursed Body,Lightning Rod,Rock Head
106,Hitmonlee,Fighting,NULL,50,120,53,35,110,87,455,Limber,Reckless*,Unburden
107,Hitmonchan,Fighting,NULL,50,105,79,35,110,76,455,Keen Eye,Iron Fist*,Inner Focus
108,Lickitung,Normal,NULL,90,55,75,60,75,30,385,Own Tempo,Oblivious,Cloud Nine
109,Koffing,Poison,NULL,40,65,95,60,45,35,340,Levitate,Neutralizing Gas*,Stench*
110,Weezing,Poison,NULL,65,90,120,85,70,60,490,Levitate,Neutralizing Gas*,Stench*
110,Weezing-Galar,Poison,Fairy,65,90,120,85,70,60,490,Levitate,Neutralizing Gas,Misty Surge
111,Rhyhorn,Ground,Rock,80,85,95,30,30,25,345,Lightning Rod,Rock Head,Reckless
112,Rhydon,Ground,Rock,105,130,120,45,45,40,485,Lightning Rod,Rock Head,Reckless
113,Chansey,Normal,NULL,250,5,5,35,105,50,450,Natural Cure,Serene Grace,Healer
114,Tangela,Grass,NULL,65,55,115,100,40,60,435,Chlorophyll,Leaf Guard*,Regenerator
115,Kangaskhan,Normal,NULL,105,95,80,40,80,90,490,Early Bird,Scrappy*,Inner Focus
116,Horsea,Water,NULL,30,40,70,70,25,60,295,Swift Swim,Sniper*,Damp
117,Seadra,Water,NULL,55,65,95,95,45,85,440,Poison Point,Sniper*,Damp
118,Goldeen,Water,NULL,45,67,60,35,50,63,320,Swift Swim,Water Veil,Lightning Rod
119,Seaking,Water,NULL,80,92,65,65,80,68,450,Swift Swim,Water Veil,Lightning Rod
120,Staryu,Water,NULL,30,45,55,70,55,85,340,Illuminate,Natural Cure,Analytic
121,Starmie,Water,Psychic,60,75,85,100,85,115,520,Illuminate,Natural Cure,Analytic
122,Mr. Mime,Psychic,Fairy,40,45,65,100,120,90,460,Soundproof,Filter*,Technician
122,Mr. Mime-Galar,Ice,Psychic,50,65,65,90,90,100,460,Vital Spirit,Screen Cleaner,Ice Body
23,Scyther,Bug,Flying,70,110,80,55,80,105,500,Swarm,Technician*,Steadfast
124,Jynx,Ice,Psychic,65,50,35,115,95,95,455,Oblivious,Forewarn*,Dry Skin
125,Electabuzz,Electric,NULL,65,83,57,95,85,105,490,Static,NULL,Vital Spirit
126,Magmar,Fire,NULL,65,95,57,100,85,93,495,Flame Body,NULL,Vital Spirit
127,Pinsir,Bug,NULL,65,125,100,55,70,85,500,Hyper Cutter,Mold Breaker*,Moxie
128,Tauros,Normal,NULL,75,100,95,40,70,110,490,Intimidate,Anger Point*,Sheer Force
129,Magikarp,Water,NULL,20,10,55,15,20,80,200,Swift Swim,NULL,Rattled
130,Gyarados,Water,Flying,95,125,79,60,100,81,540,Intimidate,NULL,Moxie
131,Lapras,Water,Ice,130,85,80,85,95,60,535,Water Absorb,Shell Armor,Hydration
132,Ditto,Normal,NULL,48,48,48,48,48,48,288,Limber,NULL,Imposter
133,Eevee,Normal,NULL,55,55,50,45,65,55,325,Run Away,Adaptability*,Anticipation
134,Vaporeon,Water,NULL,130,65,60,110,95,65,525,Water Absorb,NULL,Hydration
135,Jolteon,Electric,NULL,65,65,60,110,95,130,525,Volt Absorb,NULL,Quick Feet
136,Flareon,Fire,NULL,65,130,60,95,110,65,525,Flash Fire,NULL,Guts
137,Porygon,Normal,NULL,65,60,70,85,75,40,395,Trace,Download*,Analytic
138,Omanyte,Rock,Water,35,40,100,90,55,35,355,Swift Swim,Shell Armor,Weak Armor
139,Omastar,Rock,Water,70,60,125,115,70,55,495,Swift Swim,Shell Armor,Weak Armor
140,Kabuto,Rock,Water,30,80,90,55,45,55,355,Swift Swim,Battle Armor,Weak Armor
141,Kabutops,Rock,Water,60,115,105,65,70,80,495,Swift Swim,Battle Armor,Weak Armor
142,Aerodactyl,Rock,Flying,80,105,65,60,75,130,515,Rock Head,Pressure,Unnerve
143,Snorlax,Normal,NULL,160,110,65,65,110,30,540,Immunity,Thick Fat,Gluttony
144,Articuno,Ice,Flying,90,85,100,95,125,85,580,Pressure,NULL,Snow Cloak
144,Articuno-Galar,Psychic,Flying,90,85,85,125,100,95,580,Competitive,NULL,NULL
145,Zapdos,Electric,Flying,90,90,85,125,90,100,580,Pressure,NULL,Static*
145,Zapdos-Galar,Fighting,Flying,90,125,90,85,90,100,580,Defiant,NULL,NULL
146,Moltres,Fire,Flying,90,100,90,125,85,90,580,Pressure,NULL,Flame Body
146,Moltres-Galar,Dark,Flying,90,85,90,100,125,90,580,Berserk,NULL,NULL
147,Dratini,Dragon,NULL,41,64,45,50,50,50,300,Shed Skin,NULL,Marvel Scale
148,Dragonair,Dragon,NULL,61,84,65,70,70,70,420,Shed Skin,NULL,Marvel Scale
149,Dragonite,Dragon,Flying,91,134,95,100,100,80,600,Inner Focus,NULL,Multiscale
150,Mewtwo,Psychic,NULL,106,110,90,154,90,130,680,Pressure,NULL,Unnerve
151,Mew,Psychic,NULL,100,100,100,100,100,100,600,Synchronize,NULL,NULL
152,Chikorita,Grass,NULL,45,49,65,49,65,45,318,Overgrow,NULL,Leaf Guard
153,Bayleef,Grass,NULL,60,62,80,63,80,60,405,Overgrow,NULL,Leaf Guard
154,Meganium,Grass,NULL,80,82,100,83,100,80,525,Overgrow,NULL,Leaf Guard
155,Cyndaquil,Fire,NULL,39,52,43,60,50,65,309,Blaze,NULL,Flash Fire
156,Quilava,Fire,NULL,58,64,58,80,65,80,405,Blaze,NULL,Flash Fire
157,Typhlosion,Fire,NULL,78,84,78,109,85,100,534,Blaze,NULL,Flash Fire
158,Totodile,Water,NULL,50,65,64,44,48,43,314,Torrent,NULL,Sheer Force
159,Croconaw,Water,NULL,65,80,80,59,63,58,405,Torrent,NULL,Sheer Force
160,Feraligatr,Water,NULL,85,105,100,79,83,78,530,Torrent,NULL,Sheer Force
161,Sentret,Normal,NULL,35,46,34,35,45,20,215,Run Away,Keen Eye,Frisk
162,Furret,Normal,NULL,85,76,64,45,55,90,415,Run Away,Keen Eye,Frisk
163,Hoothoot,Normal,Flying,60,30,30,36,56,50,262,Insomnia,Keen Eye,Tinted Lens
164,Noctowl,Normal,Flying,100,50,50,86,96,70,452,Insomnia,Keen Eye,Tinted Lens
165,Ledyba,Bug,Flying,40,20,30,40,80,55,265,Swarm,Early Bird,Rattled
166,Ledian,Bug,Flying,55,35,50,55,110,85,390,Swarm,Early Bird,Iron Fist
167,Spinarak,Bug,Poison,40,60,40,40,40,30,250,Swarm,Insomnia,Sniper
168,Ariados,Bug,Poison,70,90,70,60,70,40,400,Swarm,Insomnia,Sniper
169,Crobat,Poison,Flying,85,90,80,70,80,130,535,Inner Focus,NULL,Infiltrator
170,Chinchou,Water,Electric,75,38,38,56,56,67,330,Volt Absorb,Illuminate,Water Absorb
171,Lanturn,Water,Electric,125,58,58,76,76,67,460,Volt Absorb,Illuminate,Water Absorb
172,Pichu,Electric,NULL,20,40,15,35,35,60,205,Static,NULL,Lightning Rod
173,Cleffa,Fairy,NULL,50,25,28,45,55,15,218,Cute Charm,Magic Guard*,Friend Guard
174,Igglybuff,Normal,Fairy,90,30,15,40,20,15,210,Cute Charm,Competitive*,Friend Guard
175,Togepi,Fairy,NULL,35,20,65,40,65,20,245,Hustle,Serene Grace,Super Luck
176,Togetic,Fairy,Flying,55,40,85,80,105,40,405,Hustle,Serene Grace,Super Luck
177,Natu,Psychic,Flying,40,50,45,70,45,70,320,Synchronize,Early Bird,Magic Bounce
178,Xatu,Psychic,Flying,65,75,70,95,70,95,470,Synchronize,Early Bird,Magic Bounce
179,Mareep,Electric,NULL,55,40,40,65,45,35,280,Static,NULL,Plus
180,Flaaffy,Electric,NULL,70,55,55,80,60,45,365,Static,NULL,Plus
181,Ampharos,Electric,NULL,90,75,85,115,90,55,510,Static,NULL,Plus
182,Bellossom,Grass,NULL,75,80,95,90,100,50,490,Chlorophyll,NULL,Healer
183,Marill,Water,Fairy,70,20,50,20,50,40,250,Thick Fat,Huge Power,Sap Sipper
184,Azumarill,Water,Fairy,100,50,80,60,80,50,420,Thick Fat,Huge Power,Sap Sipper
185,Sudowoodo,Rock,NULL,70,100,115,30,65,30,410,Sturdy,Rock Head,Rattled
186,Politoed,Water,NULL,90,75,75,90,100,70,500,Water Absorb,Damp,Drizzle
187,Hoppip,Grass,Flying,35,35,40,35,55,50,250,Chlorophyll,Leaf Guard*,Infiltrator
188,Skiploom,Grass,Flying,55,45,50,45,65,80,340,Chlorophyll,Leaf Guard*,Infiltrator
189,Jumpluff,Grass,Flying,75,55,70,55,95,110,460,Chlorophyll,Leaf Guard*,Infiltrator
190,Aipom,Normal,NULL,55,70,55,40,55,85,360,Run Away,Pickup,Skill Link
191,Sunkern,Grass,NULL,30,30,30,30,30,30,180,Chlorophyll,Solar Power*,Early Bird
192,Sunflora,Grass,NULL,75,75,55,105,85,30,425,Chlorophyll,Solar Power*,Early Bird
193,Yanma,Bug,Flying,65,65,45,75,45,95,390,Speed Boost,Compound Eyes,Frisk
194,Wooper,Water,Ground,55,45,45,25,25,15,210,Damp,Water Absorb,Unaware
195,Quagsire,Water,Ground,95,85,85,65,65,35,430,Damp,Water Absorb,Unaware
196,Espeon,Psychic,NULL,65,65,60,130,95,110,525,Synchronize,NULL,Magic Bounce
197,Umbreon,Dark,NULL,95,65,110,60,130,65,525,Synchronize,NULL,Inner Focus
198,Murkrow,Dark,Flying,60,85,42,85,42,91,405,Insomnia,Super Luck*,Prankster
199,Slowking,Water,Psychic,95,75,80,100,110,30,490,Oblivious,Own Tempo,Regenerator
199,Slowking-Galar,Poison,Psychic,95,65,80,110,110,30,490,Curious Medicine,Own Tempo,Regenerator
200,Misdreavus,Ghost,NULL,60,60,60,85,85,85,435,Levitate,NULL,NULL
201,Unown,Psychic,NULL,48,72,48,72,48,48,336,Levitate,NULL,NULL
202,Wobbuffet,Psychic,NULL,190,33,58,33,58,33,405,Shadow Tag,NULL,Telepathy
203,Girafarig,Normal,Psychic,70,80,65,90,65,85,455,Inner Focus,Early Bird,Sap Sipper
204,Pineco,Bug,NULL,50,65,90,35,35,15,290,Sturdy,NULL,Overcoat
205,Forretress,Bug,Steel,75,90,140,60,60,40,465,Sturdy,NULL,Overcoat
206,Dunsparce,Normal,NULL,100,70,70,65,65,45,415,Serene Grace,Run Away,Rattled
207,Gligar,Ground,Flying,65,75,105,35,65,85,430,Hyper Cutter,Sand Veil,Immunity
208,Steelix,Steel,Ground,75,85,200,55,65,30,510,Rock Head,Sturdy,Sheer Force
209,Snubbull,Fairy,NULL,60,80,50,40,40,30,300,Intimidate,Run Away,Rattled
210,Granbull,Fairy,NULL,90,120,75,60,60,45,450,Intimidate,Quick Feet*,Rattled
211,Qwilfish,Water,Poison,65,95,85,55,55,85,440,Poison Point,Swift Swim,Intimidate
212,Scizor,Bug,Steel,70,130,100,55,80,65,500,Swarm,Technician*,Light Metal
213,Shuckle,Bug,Rock,20,10,230,10,230,5,505,Sturdy,Gluttony*,Contrary
214,Heracross,Bug,Fighting,80,125,75,40,95,85,500,Swarm,Guts,Moxie
215,Sneasel,Dark,Ice,55,95,55,35,75,115,430,Inner Focus,Keen Eye,Pickpocket
216,Teddiursa,Normal,NULL,60,80,50,50,50,40,330,Pickup,Quick Feet*,Honey Gather
217,Ursaring,Normal,NULL,90,130,75,75,75,55,500,Guts,Quick Feet*,Unnerve
218,Slugma,Fire,NULL,40,40,40,70,40,20,250,Magma Armor,Flame Body,Weak Armor
219,Magcargo,Fire,Rock,60,50,120,90,80,30,430,Magma Armor,Flame Body,Weak Armor
220,Swinub,Ice,Ground,50,50,40,30,30,50,250,Oblivious,Snow Cloak*,Thick Fat
221,Piloswine,Ice,Ground,100,100,80,60,60,50,450,Oblivious,Snow Cloak*,Thick Fat
222,Corsola,Water,Rock,65,55,95,65,95,35,410,Hustle,Natural Cure,Regenerator
222,Corsola-Galar,Ghost,NULL,60,55,100,65,100,30,410,Weak Armor,NULL,Cursed Body
223,Remoraid,Water,NULL,35,65,35,65,35,65,300,Hustle,Sniper*,Moody
224,Octillery,Water,NULL,75,105,75,105,75,45,480,Suction Cups,Sniper*,Moody
225,Delibird,Ice,Flying,45,55,45,65,45,75,330,Vital Spirit,Hustle,Insomnia
226,Mantine,Water,Flying,85,40,70,80,140,70,485,Swift Swim,Water Absorb,Water Veil
227,Skarmory,Steel,Flying,65,80,140,40,70,70,465,Keen Eye,Sturdy,Weak Armor
228,Houndour,Dark,Fire,45,60,30,80,50,65,330,Early Bird,Flash Fire,Unnerve
229,Houndoom,Dark,Fire,75,90,50,110,80,95,500,Early Bird,Flash Fire,Unnerve
230,Kingdra,Water,Dragon,75,95,95,95,95,85,540,Swift Swim,Sniper*,Damp
231,Phanpy,Ground,NULL,90,60,60,40,40,40,330,Pickup,NULL,Sand Veil
232,Donphan,Ground,NULL,90,120,120,60,60,50,500,Sturdy,NULL,Sand Veil
233,Porygon2,Normal,NULL,85,80,90,105,95,60,515,Trace,Download*,Analytic
234,Stantler,Normal,NULL,73,95,62,85,65,85,465,Intimidate,Frisk*,Sap Sipper
235,Smeargle,Normal,NULL,55,20,35,20,45,75,250,Own Tempo,Technician*,Moody
236,Tyrogue,Fighting,NULL,35,35,35,35,35,35,210,Guts,Steadfast*,Vital Spirit
237,Hitmontop,Fighting,NULL,50,95,95,35,110,70,455,Intimidate,Technician*,Steadfast
238,Smoochum,Ice,Psychic,45,30,15,85,65,65,305,Oblivious,Forewarn*,Hydration
239,Elekid,Electric,NULL,45,63,37,65,55,95,360,Static,NULL,Vital Spirit
240,Magby,Fire,NULL,45,75,37,70,55,83,365,Flame Body,NULL,Vital Spirit
241,Miltank,Normal,NULL,95,80,105,40,70,100,490,Thick Fat,Scrappy*,Sap Sipper
242,Blissey,Normal,NULL,255,10,10,75,135,55,540,Natural Cure,Serene Grace,Healer
243,Raikou,Electric,NULL,90,85,75,115,100,115,580,Pressure,NULL,Inner Focus
244,Entei,Fire,NULL,115,115,85,90,75,100,580,Pressure,NULL,Inner Focus
245,Suicune,Water,NULL,100,75,115,90,115,85,580,Pressure,NULL,Inner Focus
246,Larvitar,Rock,Ground,50,64,50,45,50,41,300,Guts,NULL,Sand Veil
247,Pupitar,Rock,Ground,70,84,70,65,70,51,410,Shed Skin,NULL,NULL
248,Tyranitar,Rock,Dark,100,134,110,95,100,61,600,Sand Stream,NULL,Unnerve
249,Lugia,Psychic,Flying,106,90,130,90,154,110,680,Pressure,NULL,Multiscale
250,Ho-Oh,Fire,Flying,106,130,90,110,154,90,680,Pressure,NULL,Regenerator
251,Celebi,Psychic,Grass,100,100,100,100,100,100,600,Natural Cure,NULL,NULL
252,Treecko,Grass,NULL,40,45,35,65,55,70,310,Overgrow,NULL,Unburden
253,Grovyle,Grass,NULL,50,65,45,85,65,95,405,Overgrow,NULL,Unburden
254,Sceptile,Grass,NULL,70,85,65,105,85,120,530,Overgrow,NULL,Unburden
255,Torchic,Fire,NULL,45,60,40,70,50,45,310,Blaze,NULL,Speed Boost
256,Combusken,Fire,Fighting,60,85,60,85,60,55,405,Blaze,NULL,Speed Boost
257,Blaziken,Fire,Fighting,80,120,70,110,70,80,530,Blaze,NULL,Speed Boost
258,Mudkip,Water,NULL,50,70,50,50,50,40,310,Torrent,NULL,Damp
259,Marshtomp,Water,Ground,70,85,70,60,70,50,405,Torrent,NULL,Damp
260,Swampert,Water,Ground,100,110,90,85,90,60,535,Torrent,NULL,Damp
261,Poochyena,Dark,NULL,35,55,35,30,30,35,220,Run Away,Quick Feet*,Rattled
262,Mightyena,Dark,NULL,70,90,70,60,60,70,420,Intimidate,Quick Feet*,Moxie
263,Zigzagoon,Normal,NULL,38,30,41,30,41,60,240,Pickup,Gluttony*,Quick Feet
263,Zigzagoon-Galar,Dark,Normal,38,30,41,30,41,60,240,Pickup,Gluttony,Quick Feet
264,Linoone,Normal,NULL,78,70,61,50,61,100,420,Pickup,Gluttony*,Quick Feet
264,Linoone-Galar,Dark,Normal,78,70,61,50,61,100,420,Pickup,Gluttony,Quick Feet
265,Wurmple,Bug,NULL,45,45,35,20,30,20,195,Shield Dust,NULL,Run Away
266,Silcoon,Bug,NULL,50,35,55,25,25,15,205,Shed Skin,NULL,NULL
267,Beautifly,Bug,Flying,60,70,50,100,50,65,395,Swarm,NULL,Rivalry
268,Cascoon,Bug,NULL,50,35,55,25,25,15,205,Shed Skin,NULL,NULL
269,Dustox,Bug,Poison,60,50,70,50,90,65,385,Shield Dust,NULL,Compound Eyes
270,Lotad,Water,Grass,40,30,30,40,50,30,220,Swift Swim,Rain Dish,Own Tempo
271,Lombre,Water,Grass,60,50,50,60,70,50,340,Swift Swim,Rain Dish,Own Tempo
272,Ludicolo,Water,Grass,80,70,70,90,100,70,480,Swift Swim,Rain Dish,Own Tempo
273,Seedot,Grass,NULL,40,40,50,30,30,30,220,Chlorophyll,Early Bird,Pickpocket
274,Nuzleaf,Grass,Dark,70,70,40,60,40,60,340,Chlorophyll,Early Bird,Pickpocket
275,Shiftry,Grass,Dark,90,100,60,90,60,80,480,Chlorophyll,Early Bird,Pickpocket
276,Taillow,Normal,Flying,40,55,30,30,30,85,270,Guts,NULL,Scrappy
277,Swellow,Normal,Flying,60,85,60,75,50,125,455,Guts,NULL,Scrappy
278,Wingull,Water,Flying,40,30,30,55,30,85,270,Keen Eye,Hydration*,Rain Dish
279,Pelipper,Water,Flying,60,50,100,95,70,65,440,Keen Eye,Drizzle*,Rain Dish
280,Ralts,Psychic,Fairy,28,25,25,45,35,40,198,Synchronize,Trace,Telepathy
281,Kirlia,Psychic,Fairy,38,35,35,65,55,50,278,Synchronize,Trace,Telepathy
282,Gardevoir,Psychic,Fairy,68,65,65,125,115,80,518,Synchronize,Trace,Telepathy
283,Surskit,Bug,Water,40,30,32,50,52,65,269,Swift Swim,NULL,Rain Dish
284,Masquerain,Bug,Flying,70,60,62,100,82,80,454,Intimidate,NULL,Unnerve
285,Shroomish,Grass,NULL,60,40,60,40,60,35,295,Effect Spore,Poison Heal*,Quick Feet
286,Breloom,Grass,Fighting,60,130,80,60,60,70,460,Effect Spore,Poison Heal*,Technician
287,Slakoth,Normal,NULL,60,60,60,35,35,30,280,Truant,NULL,NULL
288,Vigoroth,Normal,NULL,80,80,80,55,55,90,440,Vital Spirit,NULL,NULL
289,Slaking,Normal,NULL,150,160,100,95,65,100,670,Truant,NULL,NULL
290,Nincada,Bug,Ground,31,45,90,30,30,40,266,Compound Eyes,NULL,Run Away
291,Ninjask,Bug,Flying,61,90,45,50,50,160,456,Speed Boost,NULL,Infiltrator
292,Shedinja,Bug,Ghost,1,90,45,30,30,40,236,Wonder Guard,NULL,NULL
293,Whismur,Normal,NULL,64,51,23,51,23,28,240,Soundproof,NULL,Rattled
294,Loudred,Normal,NULL,84,71,43,71,43,48,360,Soundproof,NULL,Scrappy
295,Exploud,Normal,NULL,104,91,63,91,73,68,490,Soundproof,NULL,Scrappy
296,Makuhita,Fighting,NULL,72,60,30,20,30,25,237,Thick Fat,Guts,Sheer Force
297,Hariyama,Fighting,NULL,144,120,60,40,60,50,474,Thick Fat,Guts,Sheer Force
298,Azurill,Normal,Fairy,50,20,40,20,40,20,190,Thick Fat,Huge Power,Sap Sipper
299,Nosepass,Rock,NULL,30,45,135,45,90,30,375,Sturdy,Magnet Pull,Sand Force
300,Skitty,Normal,NULL,50,45,45,35,35,50,260,Cute Charm,Normalize*,Wonder Skin
301,Delcatty,Normal,NULL,70,65,65,55,55,90,400,Cute Charm,Normalize*,Wonder Skin
302,Sableye,Dark,Ghost,50,75,75,65,65,50,380,Keen Eye,Stall*,Prankster
303,Mawile,Steel,Fairy,50,85,85,55,55,50,380,Hyper Cutter,Intimidate,Sheer Force
304,Aron,Steel,Rock,50,70,100,40,40,30,330,Sturdy,Rock Head,Heavy Metal
305,Lairon,Steel,Rock,60,90,140,50,50,40,430,Sturdy,Rock Head,Heavy Metal
306,Aggron,Steel,Rock,70,110,180,60,60,50,530,Sturdy,Rock Head,Heavy Metal
307,Meditite,Fighting,Psychic,30,40,55,40,55,60,280,Pure Power,NULL,Telepathy
308,Medicham,Fighting,Psychic,60,60,75,60,75,80,410,Pure Power,NULL,Telepathy
309,Electrike,Electric,NULL,40,45,40,65,40,65,295,Static,Lightning Rod,Minus
310,Manectric,Electric,NULL,70,75,60,105,60,105,475,Static,Lightning Rod,Minus
311,Plusle,Electric,NULL,60,50,40,85,75,95,405,Plus,NULL,Lightning Rod*
312,Minun,Electric,NULL,60,40,50,75,85,95,405,Minus,NULL,Volt Absorb*
313,Volbeat,Bug,NULL,65,73,75,47,85,85,430,Illuminate,Swarm,Prankster
314,Illumise,Bug,NULL,65,47,75,73,85,85,430,Oblivious,Tinted Lens*,Prankster
315,Roselia,Grass,Poison,50,60,45,100,80,65,400,Natural Cure,Poison Point,Leaf Guard
316,Gulpin,Poison,NULL,70,43,53,43,53,40,302,Liquid Ooze,Sticky Hold,Gluttony
317,Swalot,Poison,NULL,100,73,83,73,83,55,467,Liquid Ooze,Sticky Hold,Gluttony
318,Carvanha,Water,Dark,45,90,20,65,20,65,305,Rough Skin,NULL,Speed Boost
319,Sharpedo,Water,Dark,70,120,40,95,40,95,460,Rough Skin,NULL,Speed Boost
320,Wailmer,Water,NULL,130,70,35,70,35,60,400,Water Veil,Oblivious,Pressure
321,Wailord,Water,NULL,170,90,45,90,45,60,500,Water Veil,Oblivious,Pressure
322,Numel,Fire,Ground,60,60,40,65,45,35,305,Oblivious,Simple*,Own Tempo
323,Camerupt,Fire,Ground,70,100,70,105,75,40,460,Magma Armor,Solid Rock*,Anger Point
324,Torkoal,Fire,NULL,70,85,140,85,70,20,470,White Smoke,Drought*,Shell Armor
325,Spoink,Psychic,NULL,60,25,35,70,80,60,330,Thick Fat,Own Tempo,Gluttony
326,Grumpig,Psychic,NULL,80,45,65,90,110,80,470,Thick Fat,Own Tempo,Gluttony
327,Spinda,Normal,NULL,60,60,60,60,60,60,360,Own Tempo,Tangled Feet*,Contrary
328,Trapinch,Ground,NULL,45,100,45,45,45,10,290,Hyper Cutter,Arena Trap,Sheer Force
329,Vibrava,Ground,Dragon,50,70,50,50,50,70,340,Levitate,NULL,NULL
330,Flygon,Ground,Dragon,80,100,80,80,80,100,520,Levitate,NULL,NULL
331,Cacnea,Grass,NULL,50,85,40,85,40,35,335,Sand Veil,NULL,Water Absorb
332,Cacturne,Grass,Dark,70,115,60,115,60,55,475,Sand Veil,NULL,Water Absorb
333,Swablu,Normal,Flying,45,40,60,40,75,50,310,Natural Cure,NULL,Cloud Nine
334,Altaria,Dragon,Flying,75,70,90,70,105,80,490,Natural Cure,NULL,Cloud Nine
335,Zangoose,Normal,NULL,73,115,60,60,60,90,458,Immunity,NULL,Toxic Boost
336,Seviper,Poison,NULL,73,100,60,100,60,65,458,Shed Skin,NULL,Infiltrator
337,Lunatone,Rock,Psychic,90,55,65,95,85,70,460,Levitate,NULL,NULL
338,Solrock,Rock,Psychic,90,95,85,55,65,70,460,Levitate,NULL,NULL
339,Barboach,Water,Ground,50,48,43,46,41,60,288,Oblivious,Anticipation*,Hydration
340,Whiscash,Water,Ground,110,78,73,76,71,60,468,Oblivious,Anticipation*,Hydration
341,Corphish,Water,NULL,43,80,65,50,35,35,308,Hyper Cutter,Shell Armor,Adaptability
342,Crawdaunt,Water,Dark,63,120,85,90,55,55,468,Hyper Cutter,Shell Armor,Adaptability
343,Baltoy,Ground,Psychic,40,40,55,40,70,55,300,Levitate,NULL,NULL
344,Claydol,Ground,Psychic,60,70,105,70,120,75,500,Levitate,NULL,NULL
345,Lileep,Rock,Grass,66,41,77,61,87,23,355,Suction Cups,NULL,Storm Drain
346,Cradily,Rock,Grass,86,81,97,81,107,43,495,Suction Cups,NULL,Storm Drain
347,Anorith,Rock,Bug,45,95,50,40,50,75,355,Battle Armor,NULL,Swift Swim
348,Armaldo,Rock,Bug,75,125,100,70,80,45,495,Battle Armor,NULL,Swift Swim
349,Feebas,Water,NULL,20,15,20,10,55,80,200,Swift Swim,Oblivious*,Adaptability
350,Milotic,Water,NULL,95,60,79,100,125,81,540,Marvel Scale,Competitive*,Cute Charm
351,Castform,Normal,NULL,70,70,70,70,70,70,420,Forecast,NULL,NULL
352,Kecleon,Normal,NULL,60,90,70,60,120,40,440,Color Change,NULL,Protean*
353,Shuppet,Ghost,NULL,44,75,35,63,33,45,295,Insomnia,Frisk*,Cursed Body
354,Banette,Ghost,NULL,64,115,65,83,63,65,455,Insomnia,Frisk*,Cursed Body
355,Duskull,Ghost,NULL,20,40,90,30,90,25,295,Levitate,NULL,Frisk*
356,Dusclops,Ghost,NULL,40,70,130,60,130,25,455,Pressure,NULL,Frisk*
357,Tropius,Grass,Flying,99,68,83,72,87,51,460,Chlorophyll,Solar Power*,Harvest
358,Chimecho,Psychic,NULL,75,50,80,95,90,65,455,Levitate,NULL,NULL
359,Absol,Dark,NULL,65,130,60,75,60,75,465,Pressure,Super Luck*,Justified
360,Wynaut,Psychic,NULL,95,23,48,23,48,23,260,Shadow Tag,NULL,Telepathy
361,Snorunt,Ice,NULL,50,50,50,50,50,50,300,Inner Focus,Ice Body*,Moody
362,Glalie,Ice,NULL,80,80,80,80,80,80,480,Inner Focus,Ice Body*,Moody
363,Spheal,Ice,Water,70,40,50,55,50,25,290,Thick Fat,Ice Body*,Oblivious
364,Sealeo,Ice,Water,90,60,70,75,70,45,410,Thick Fat,Ice Body*,Oblivious
365,Walrein,Ice,Water,110,80,90,95,90,65,530,Thick Fat,Ice Body*,Oblivious
366,Clamperl,Water,NULL,35,64,85,74,55,32,345,Shell Armor,NULL,Rattled
367,Huntail,Water,NULL,55,104,105,94,75,52,485,Swift Swim,NULL,Water Veil
368,Gorebyss,Water,NULL,55,84,105,114,75,52,485,Swift Swim,NULL,Hydration
369,Relicanth,Water,Rock,100,90,130,45,65,55,485,Swift Swim,Rock Head,Sturdy
370,Luvdisc,Water,NULL,43,30,55,40,65,97,330,Swift Swim,NULL,Hydration
371,Bagon,Dragon,NULL,45,75,60,40,30,50,300,Rock Head,NULL,Sheer Force
372,Shelgon,Dragon,NULL,65,95,100,60,50,50,420,Rock Head,NULL,Overcoat
373,Salamence,Dragon,Flying,95,135,80,110,80,100,600,Intimidate,NULL,Moxie
374,Beldum,Steel,Psychic,40,55,80,35,60,30,300,Clear Body,NULL,Light Metal
375,Metang,Steel,Psychic,60,75,100,55,80,50,420,Clear Body,NULL,Light Metal
376,Metagross,Steel,Psychic,80,135,130,95,90,70,600,Clear Body,NULL,Light Metal
377,Regirock,Rock,NULL,80,100,200,50,100,50,580,Clear Body,NULL,Sturdy
378,Regice,Ice,NULL,80,50,100,100,200,50,580,Clear Body,NULL,Ice Body
379,Registeel,Steel,NULL,80,75,150,75,150,50,580,Clear Body,NULL,Light Metal
380,Latias,Dragon,Psychic,80,80,90,110,130,110,600,Levitate,NULL,NULL
381,Latios,Dragon,Psychic,80,90,80,130,110,110,600,Levitate,NULL,NULL
382,Kyogre,Water,NULL,100,100,90,150,140,90,670,Drizzle,NULL,NULL
383,Groudon,Ground,NULL,100,150,140,100,90,90,670,Drought,NULL,NULL
384,Rayquaza,Dragon,Flying,105,150,90,150,90,95,680,Air Lock,NULL,NULL
385,Jirachi,Steel,Psychic,100,100,100,100,100,100,600,Serene Grace,NULL,NULL
386,Deoxys,Psychic,NULL,50,150,50,150,50,150,600,Pressure,NULL,NULL
386,Deoxys-Attack,Psychic,NULL,50,180,20,180,20,150,600,Pressure,NULL,NULL
386,Deoxys-Defense,Psychic,NULL,50,70,160,70,160,90,600,Pressure,NULL,NULL
386,Deoxys-Speed,Psychic,NULL,50,95,90,95,90,180,600,Pressure,NULL,NULL
387,Turtwig,Grass,NULL,55,68,64,45,55,31,318,Overgrow,NULL,Shell Armor
388,Grotle,Grass,NULL,75,89,85,55,65,36,405,Overgrow,NULL,Shell Armor
389,Torterra,Grass,Ground,95,109,105,75,85,56,525,Overgrow,NULL,Shell Armor
390,Chimchar,Fire,NULL,44,58,44,58,44,61,309,Blaze,NULL,Iron Fist
391,Monferno,Fire,Fighting,64,78,52,78,52,81,405,Blaze,NULL,Iron Fist
392,Infernape,Fire,Fighting,76,104,71,104,71,108,534,Blaze,NULL,Iron Fist
393,Piplup,Water,NULL,53,51,53,61,56,40,314,Torrent,NULL,Defiant
394,Prinplup,Water,NULL,64,66,68,81,76,50,405,Torrent,NULL,Defiant
395,Empoleon,Water,Steel,84,86,88,111,101,60,530,Torrent,NULL,Defiant
396,Starly,Normal,Flying,40,55,30,30,30,60,245,Keen Eye,NULL,Reckless*
397,Staravia,Normal,Flying,55,75,50,40,40,80,340,Intimidate,NULL,Reckless
398,Staraptor,Normal,Flying,85,120,70,50,60,100,485,Intimidate,NULL,Reckless
399,Bidoof,Normal,NULL,59,45,40,35,40,31,250,Simple,Unaware,Moody
400,Bibarel,Normal,Water,79,85,60,55,60,71,410,Simple,Unaware,Moody
401,Kricketot,Bug,NULL,37,25,41,25,41,25,194,Shed Skin,NULL,Run Away
402,Kricketune,Bug,NULL,77,85,51,55,51,65,384,Swarm,NULL,Technician
403,Shinx,Electric,NULL,45,65,34,40,34,45,263,Rivalry,Intimidate,Guts
404,Luxio,Electric,NULL,60,85,49,60,49,60,363,Rivalry,Intimidate,Guts
405,Luxray,Electric,NULL,80,120,79,95,79,70,523,Rivalry,Intimidate,Guts
406,Budew,Grass,Poison,40,30,35,50,70,55,280,Natural Cure,Poison Point,Leaf Guard
407,Roserade,Grass,Poison,60,70,65,125,105,90,515,Natural Cure,Poison Point,Technician
408,Cranidos,Rock,NULL,67,125,40,30,30,58,350,Mold Breaker,NULL,Sheer Force
409,Rampardos,Rock,NULL,97,165,60,65,50,58,495,Mold Breaker,NULL,Sheer Force
410,Shieldon,Rock,Steel,30,42,118,42,88,30,350,Sturdy,NULL,Soundproof
411,Bastiodon,Rock,Steel,60,52,168,47,138,30,495,Sturdy,NULL,Soundproof
412,Burmy,Bug,NULL,40,29,45,29,45,36,224,Shed Skin,NULL,Overcoat
413,Wormadam-Plant,Bug,Grass,60,59,85,79,105,36,424,Anticipation,NULL,Overcoat
413,Wormadam-Sandy,Bug,Ground,60,79,105,59,85,36,424,Anticipation,NULL,Overcoat
413,Wormadam-Trash,Bug,Steel,60,69,95,69,95,36,424,Anticipation,NULL,Overcoat
414,Mothim,Bug,Flying,70,94,50,94,50,66,424,Swarm,NULL,Tinted Lens
415,Combee,Bug,Flying,30,30,42,30,42,70,244,Honey Gather,NULL,Hustle
416,Vespiquen,Bug,Flying,70,80,102,80,102,40,474,Pressure,NULL,Unnerve
417,Pachirisu,Electric,NULL,60,45,70,45,90,95,405,Run Away,Pickup,Volt Absorb
418,Buizel,Water,NULL,55,65,35,60,30,85,330,Swift Swim,NULL,Water Veil
419,Floatzel,Water,NULL,85,105,55,85,50,115,495,Swift Swim,NULL,Water Veil
420,Cherubi,Grass,NULL,45,35,45,62,53,35,275,Chlorophyll,NULL,NULL
421,Cherrim,Grass,NULL,70,60,70,87,78,85,450,Flower Gift,NULL,NULL
422,Shellos,Water,NULL,76,48,48,57,62,34,325,Sticky Hold,Storm Drain,Sand Force
423,Gastrodon,Water,Ground,111,83,68,92,82,39,475,Sticky Hold,Storm Drain,Sand Force
424,Ambipom,Normal,NULL,75,100,66,60,66,115,482,Technician,Pickup,Skill Link
425,Drifloon,Ghost,Flying,90,50,34,60,44,70,348,Aftermath,Unburden,Flare Boost
426,Drifblim,Ghost,Flying,150,80,44,90,54,80,498,Aftermath,Unburden,Flare Boost
427,Buneary,Normal,NULL,55,66,44,44,56,85,350,Run Away,Klutz,Limber
428,Lopunny,Normal,NULL,65,76,84,54,96,105,480,Cute Charm,Klutz,Limber
429,Mismagius,Ghost,NULL,60,60,60,105,105,105,495,Levitate,NULL,NULL
430,Honchkrow,Dark,Flying,100,125,52,105,52,71,505,Insomnia,Super Luck,Moxie
431,Glameow,Normal,NULL,49,55,42,42,37,85,310,Limber,Own Tempo,Keen Eye
432,Purugly,Normal,NULL,71,82,64,64,59,112,452,Thick Fat,Own Tempo,Defiant
433,Chingling,Psychic,NULL,45,30,50,65,50,45,285,Levitate,NULL,NULL
434,Stunky,Poison,Dark,63,63,47,41,41,74,329,Stench,Aftermath,Keen Eye
435,Skuntank,Poison,Dark,103,93,67,71,61,84,479,Stench,Aftermath,Keen Eye
436,Bronzor,Steel,Psychic,57,24,86,24,86,23,300,Levitate,Heatproof,Heavy Metal
437,Bronzong,Steel,Psychic,67,89,116,79,116,33,500,Levitate,Heatproof,Heavy Metal
438,Bonsly,Rock,NULL,50,80,95,10,45,10,290,Sturdy,Rock Head,Rattled
439,Mime Jr.,Psychic,Fairy,20,25,45,70,90,60,310,Soundproof,Filter,Technician
440,Happiny,Normal,NULL,100,5,5,15,65,30,220,Natural Cure,Serene Grace,Friend Guard
441,Chatot,Normal,Flying,76,65,45,92,42,91,411,Keen Eye,Tangled Feet,Big Pecks
442,Spiritomb,Ghost,Dark,50,92,108,92,108,35,485,Pressure,NULL,Infiltrator
443,Gible,Dragon,Ground,58,70,45,40,45,42,300,Sand Veil,NULL,Rough Skin
444,Gabite,Dragon,Ground,68,90,65,50,55,82,410,Sand Veil,NULL,Rough Skin
445,Garchomp,Dragon,Ground,108,130,95,80,85,102,600,Sand Veil,NULL,Rough Skin
446,Munchlax,Normal,NULL,135,85,40,40,85,5,390,Pickup,Thick Fat,Gluttony
447,Riolu,Fighting,NULL,40,70,40,35,40,60,285,Steadfast,Inner Focus,Prankster
448,Lucario,Fighting,Steel,70,110,70,115,70,90,525,Steadfast,Inner Focus,Justified
449,Hippopotas,Ground,NULL,68,72,78,38,42,32,330,Sand Stream,NULL,Sand Force
450,Hippowdon,Ground,NULL,108,112,118,68,72,47,525,Sand Stream,NULL,Sand Force
451,Skorupi,Poison,Bug,40,50,90,30,55,65,330,Battle Armor,Sniper,Keen Eye
452,Drapion,Poison,Dark,70,90,110,60,75,95,500,Battle Armor,Sniper,Keen Eye
453,Croagunk,Poison,Fighting,48,61,40,61,40,50,300,Anticipation,Dry Skin,Poison Touch
454,Toxicroak,Poison,Fighting,83,106,65,86,65,85,490,Anticipation,Dry Skin,Poison Touch
455,Carnivine,Grass,NULL,74,100,72,90,72,46,454,Levitate,NULL,NULL
456,Finneon,Water,NULL,49,49,56,49,61,66,330,Swift Swim,Storm Drain,Water Veil
457,Lumineon,Water,NULL,69,69,76,69,86,91,460,Swift Swim,Storm Drain,Water Veil
458,Mantyke,Water,Flying,45,20,50,60,120,50,345,Swift Swim,Water Absorb,Water Veil
459,Snover,Grass,Ice,60,62,50,62,60,40,334,Snow Warning,NULL,Soundproof
460,Abomasnow,Grass,Ice,90,92,75,92,85,60,494,Snow Warning,NULL,Soundproof
461,Weavile,Dark,Ice,70,120,65,45,85,125,510,Pressure,NULL,Pickpocket
462,Magnezone,Electric,Steel,70,70,115,130,90,60,535,Magnet Pull,Sturdy,Analytic
463,Lickilicky,Normal,NULL,110,85,95,80,95,50,515,Own Tempo,Oblivious,Cloud Nine
464,Rhyperior,Ground,Rock,115,140,130,55,55,40,535,Lightning Rod,Solid Rock,Reckless
465,Tangrowth,Grass,NULL,100,100,125,110,50,50,535,Chlorophyll,Leaf Guard,Regenerator
466,Electivire,Electric,NULL,75,123,67,95,85,95,540,Motor Drive,NULL,Vital Spirit
467,Magmortar,Fire,NULL,75,95,67,125,95,83,540,Flame Body,NULL,Vital Spirit
468,Togekiss,Fairy,Flying,85,50,95,120,115,80,545,Hustle,Serene Grace,Super Luck
469,Yanmega,Bug,Flying,86,76,86,116,56,95,515,Speed Boost,Tinted Lens,Frisk
470,Leafeon,Grass,NULL,65,110,130,60,65,95,525,Leaf Guard,NULL,Chlorophyll
471,Glaceon,Ice,NULL,65,60,110,130,95,65,525,Snow Cloak,NULL,Ice Body
472,Gliscor,Ground,Flying,75,95,125,45,75,95,510,Hyper Cutter,Sand Veil,Poison Heal
473,Mamoswine,Ice,Ground,110,130,80,70,60,80,530,Oblivious,Snow Cloak,Thick Fat
474,Porygon-Z,Normal,NULL,85,80,70,135,75,90,535,Adaptability,Download,Analytic
475,Gallade,Psychic,Fighting,68,125,65,65,115,80,518,Steadfast,NULL,Justified
476,Probopass,Rock,Steel,60,55,145,75,150,40,525,Sturdy,Magnet Pull,Sand Force
477,Dusknoir,Ghost,NULL,45,100,135,65,135,45,525,Pressure,NULL,Frisk*
478,Froslass,Ice,Ghost,70,80,70,80,70,110,480,Snow Cloak,NULL,Cursed Body
479,Rotom,Electric,Ghost,50,50,77,95,77,91,440,Levitate,NULL,NULL
479,Rotom-Heat,Electric,Fire,50,65,107,105,107,86,520,Levitate,NULL,NULL
479,Rotom-Wash,Electric,Water,50,65,107,105,107,86,520,Levitate,NULL,NULL
479,Rotom-Frost,Electric,Ice,50,65,107,105,107,86,520,Levitate,NULL,NULL
479,Rotom-Fan,Electric,Flying,50,65,107,105,107,86,520,Levitate,NULL,NULL
479,Rotom-Mow,Electric,Grass,50,65,107,105,107,86,520,Levitate,NULL,NULL
480,Uxie,Psychic,NULL,75,75,130,75,130,95,580,Levitate,NULL,NULL
481,Mesprit,Psychic,NULL,80,105,105,105,105,80,580,Levitate,NULL,NULL
482,Azelf,Psychic,NULL,75,125,70,125,70,115,580,Levitate,NULL,NULL
483,Dialga,Steel,Dragon,100,120,120,150,100,90,680,Pressure,NULL,Telepathy
484,Palkia,Water,Dragon,90,120,100,150,120,100,680,Pressure,NULL,Telepathy
485,Heatran,Fire,Steel,91,90,106,130,106,77,600,Flash Fire,NULL,Flame Body
486,Regigigas,Normal,NULL,110,160,110,80,110,100,670,Slow Start,NULL,NULL
487,Giratina,Ghost,Dragon,150,100,120,100,120,90,680,Pressure,NULL,Telepathy
487,Giratina-Origin,Ghost,Dragon,150,120,100,120,100,90,680,Levitate,NULL,NULL
488,Cresselia,Psychic,NULL,120,70,120,75,130,85,600,Levitate,NULL,NULL
489,Phione,Water,NULL,80,80,80,80,80,80,480,Hydration,NULL,NULL
490,Manaphy,Water,NULL,100,100,100,100,100,100,600,Hydration,NULL,NULL
491,Darkrai,Dark,NULL,70,90,90,135,90,125,600,Bad Dreams,NULL,NULL
492,Shaymin,Grass,NULL,100,100,100,100,100,100,600,Natural Cure,NULL,NULL
492,Shaymin-Sky,Grass,Flying,100,103,75,120,75,127,600,Serene Grace,NULL,NULL
493,Arceus,Normal,NULL,120,120,120,120,120,120,720,Multitype,NULL,NULL
494,Victini,Psychic,Fire,100,100,100,100,100,100,600,Victory Star,NULL,NULL
495,Snivy,Grass,NULL,45,45,55,45,55,63,308,Overgrow,NULL,Contrary
496,Servine,Grass,NULL,60,60,75,60,75,83,413,Overgrow,NULL,Contrary
497,Serperior,Grass,NULL,75,75,95,75,95,113,528,Overgrow,NULL,Contrary
498,Tepig,Fire,NULL,65,63,45,45,45,45,308,Blaze,NULL,Thick Fat
499,Pignite,Fire,Fighting,90,93,55,70,55,55,418,Blaze,NULL,Thick Fat
500,Emboar,Fire,Fighting,110,123,65,100,65,65,528,Blaze,NULL,Reckless
501,Oshawott,Water,NULL,55,55,45,63,45,45,308,Torrent,NULL,Shell Armor
502,Dewott,Water,NULL,75,75,60,83,60,60,413,Torrent,NULL,Shell Armor
503,Samurott,Water,NULL,95,100,85,108,70,70,528,Torrent,NULL,Shell Armor
504,Patrat,Normal,NULL,45,55,39,35,39,42,255,Run Away,Keen Eye,Analytic
505,Watchog,Normal,NULL,60,85,69,60,69,77,420,Illuminate,Keen Eye,Analytic
506,Lillipup,Normal,NULL,45,60,45,25,45,55,275,Vital Spirit,Pickup,Run Away
507,Herdier,Normal,NULL,65,80,65,35,65,60,370,Intimidate,Sand Rush,Scrappy
508,Stoutland,Normal,NULL,85,110,90,45,90,80,500,Intimidate,Sand Rush,Scrappy
509,Purrloin,Dark,NULL,41,50,37,50,37,66,281,Limber,Unburden,Prankster
510,Liepard,Dark,NULL,64,88,50,88,50,106,446,Limber,Unburden,Prankster
511,Pansage,Grass,NULL,50,53,48,53,48,64,316,Gluttony,NULL,Overgrow
512,Simisage,Grass,NULL,75,98,63,98,63,101,498,Gluttony,NULL,Overgrow
513,Pansear,Fire,NULL,50,53,48,53,48,64,316,Gluttony,NULL,Blaze
514,Simisear,Fire,NULL,75,98,63,98,63,101,498,Gluttony,NULL,Blaze
515,Panpour,Water,NULL,50,53,48,53,48,64,316,Gluttony,NULL,Torrent
516,Simipour,Water,NULL,75,98,63,98,63,101,498,Gluttony,NULL,Torrent
517,Munna,Psychic,NULL,76,25,45,67,55,24,292,Forewarn,Synchronize,Telepathy
518,Musharna,Psychic,NULL,116,55,85,107,95,29,487,Forewarn,Synchronize,Telepathy
519,Pidove,Normal,Flying,50,55,50,36,30,43,264,Big Pecks,Super Luck,Rivalry
520,Tranquill,Normal,Flying,62,77,62,50,42,65,358,Big Pecks,Super Luck,Rivalry
521,Unfezant,Normal,Flying,80,115,80,65,55,93,488,Big Pecks,Super Luck,Rivalry
522,Blitzle,Electric,NULL,45,60,32,50,32,76,295,Lightning Rod,Motor Drive,Sap Sipper
523,Zebstrika,Electric,NULL,75,100,63,80,63,116,497,Lightning Rod,Motor Drive,Sap Sipper
524,Roggenrola,Rock,NULL,55,75,85,25,25,15,280,Sturdy,Weak Armor*,Sand Force
525,Boldore,Rock,NULL,70,105,105,50,40,20,390,Sturdy,Weak Armor*,Sand Force
526,Gigalith,Rock,NULL,85,135,130,60,80,25,515,Sturdy,Sand Stream*,Sand Force
527,Woobat,Psychic,Flying,65,45,43,55,43,72,323,Unaware,Klutz,Simple
528,Swoobat,Psychic,Flying,67,57,55,77,55,114,425,Unaware,Klutz,Simple
529,Drilbur,Ground,NULL,60,85,40,30,45,68,328,Sand Rush,Sand Force,Mold Breaker
530,Excadrill,Ground,Steel,110,135,60,50,65,88,508,Sand Rush,Sand Force,Mold Breaker
531,Audino,Normal,NULL,103,60,86,60,86,50,445,Healer,Regenerator,Klutz
532,Timburr,Fighting,NULL,75,80,55,25,35,35,305,Guts,Sheer Force,Iron Fist
533,Gurdurr,Fighting,NULL,85,105,85,40,50,40,405,Guts,Sheer Force,Iron Fist
534,Conkeldurr,Fighting,NULL,105,140,95,55,65,45,505,Guts,Sheer Force,Iron Fist
535,Tympole,Water,NULL,50,50,40,50,40,64,294,Swift Swim,Hydration,Water Absorb
536,Palpitoad,Water,Ground,75,65,55,65,55,69,384,Swift Swim,Hydration,Water Absorb
537,Seismitoad,Water,Ground,105,95,75,85,75,74,509,Swift Swim,Poison Touch,Water Absorb
538,Throh,Fighting,NULL,120,100,85,30,85,45,465,Guts,Inner Focus,Mold Breaker
539,Sawk,Fighting,NULL,75,125,75,30,75,85,465,Sturdy,Inner Focus,Mold Breaker
540,Sewaddle,Bug,Grass,45,53,70,40,60,42,310,Swarm,Chlorophyll,Overcoat
541,Swadloon,Bug,Grass,55,63,90,50,80,42,380,Leaf Guard,Chlorophyll,Overcoat
542,Leavanny,Bug,Grass,75,103,80,70,80,92,500,Swarm,Chlorophyll,Overcoat
543,Venipede,Bug,Poison,30,45,59,30,39,57,260,Poison Point,Swarm,Speed Boost*
544,Whirlipede,Bug,Poison,40,55,99,40,79,47,360,Poison Point,Swarm,Speed Boost*
545,Scolipede,Bug,Poison,60,100,89,55,69,112,485,Poison Point,Swarm,Speed Boost*
546,Cottonee,Grass,Fairy,40,27,60,37,50,66,280,Prankster,Infiltrator,Chlorophyll
547,Whimsicott,Grass,Fairy,60,67,85,77,75,116,480,Prankster,Infiltrator,Chlorophyll
548,Petilil,Grass,NULL,45,35,50,70,50,30,280,Chlorophyll,Own Tempo,Leaf Guard
549,Lilligant,Grass,NULL,70,60,75,110,75,90,480,Chlorophyll,Own Tempo,Leaf Guard
550,Basculin,Water,NULL,70,92,65,80,55,98,460,Reckless/Rock Head,Adaptability,Mold Breaker
551,Sandile,Ground,Dark,50,72,35,35,35,65,292,Intimidate,Moxie,Anger Point
552,Krokorok,Ground,Dark,60,82,45,45,45,74,351,Intimidate,Moxie,Anger Point
553,Krookodile,Ground,Dark,95,117,80,65,70,92,519,Intimidate,Moxie,Anger Point
554,Darumaka,Fire,NULL,70,90,45,15,45,50,315,Hustle,NULL,Inner Focus
554,Darumaka-Galar,Ice,NULL,70,90,45,15,45,50,315,Hustle,NULL,Inner Focus
555,Darmanitan,Fire,NULL,105,140,55,30,55,95,480,Sheer Force,NULL,Zen Mode
555,Darmanitan-Zen,Fire,Psychic,105,30,105,140,105,55,540,Zen Mode,NULL,
555,Darmanitan-Galar,Ice,NULL,105,140,55,30,55,95,480,Gorilla Tactics,NULL,Zen Mode
555,Darmanitan-Galar-Zen,Ice,Fire,105,160,55,30,55,135,540,Gorilla Tactics,NULL,Zen Mode
556,Maractus,Grass,NULL,75,86,67,106,67,60,461,Water Absorb,Chlorophyll,Storm Drain
557,Dwebble,Bug,Rock,50,65,85,35,35,55,325,Sturdy,Shell Armor,Weak Armor
558,Crustle,Bug,Rock,70,105,125,65,75,45,485,Sturdy,Shell Armor,Weak Armor
559,Scraggy,Dark,Fighting,50,75,70,35,70,48,348,Shed Skin,Moxie,Intimidate
560,Scrafty,Dark,Fighting,65,90,115,45,115,58,488,Shed Skin,Moxie,Intimidate
561,Sigilyph,Psychic,Flying,72,58,80,103,80,97,490,Wonder Skin,Magic Guard,Tinted Lens
562,Yamask,Ghost,NULL,38,30,85,55,65,30,303,Mummy,NULL,NULL
562,Yamask-Galar,Ground,Ghost,38,55,85,30,65,30,303,Wandering Spirit,NULL,NULL
563,Cofagrigus,Ghost,NULL,58,50,145,95,105,30,483,Mummy,NULL,NULL
564,Tirtouga,Water,Rock,54,78,103,53,45,22,355,Solid Rock,Sturdy,Swift Swim
565,Carracosta,Water,Rock,74,108,133,83,65,32,495,Solid Rock,Sturdy,Swift Swim
566,Archen,Rock,Flying,55,112,45,74,45,70,401,Defeatist,NULL,NULL
567,Archeops,Rock,Flying,75,140,65,112,65,110,567,Defeatist,NULL,NULL
568,Trubbish,Poison,NULL,50,50,62,40,62,65,329,Stench,Sticky Hold,Aftermath
569,Garbodor,Poison,NULL,80,95,82,60,82,75,474,Stench,Weak Armor,Aftermath
570,Zorua,Dark,NULL,40,65,40,80,40,65,330,Illusion,NULL,NULL
571,Zoroark,Dark,NULL,60,105,60,120,60,105,510,Illusion,NULL,NULL
572,Minccino,Normal,NULL,55,50,40,40,40,75,300,Cute Charm,Technician,Skill Link
573,Cinccino,Normal,NULL,75,95,60,65,60,115,470,Cute Charm,Technician,Skill Link
574,Gothita,Psychic,NULL,45,30,50,55,65,45,290,Frisk,Competitive*,Shadow Tag
575,Gothorita,Psychic,NULL,60,45,70,75,85,55,390,Frisk,Competitive*,Shadow Tag
576,Gothitelle,Psychic,NULL,70,55,95,95,110,65,490,Frisk,Competitive*,Shadow Tag
577,Solosis,Psychic,NULL,45,30,40,105,50,20,290,Overcoat,Magic Guard,Regenerator
578,Duosion,Psychic,NULL,65,40,50,125,60,30,370,Overcoat,Magic Guard,Regenerator
579,Reuniclus,Psychic,NULL,110,65,75,125,85,30,490,Overcoat,Magic Guard,Regenerator
580,Ducklett,Water,Flying,62,44,50,44,50,55,305,Keen Eye,Big Pecks,Hydration
581,Swanna,Water,Flying,75,87,63,87,63,98,473,Keen Eye,Big Pecks,Hydration
582,Vanillite,Ice,NULL,36,50,50,65,60,44,305,Ice Body,Snow Cloak*,Weak Armor
583,Vanillish,Ice,NULL,51,65,65,80,75,59,395,Ice Body,Snow Cloak*,Weak Armor
584,Vanilluxe,Ice,NULL,71,95,85,110,95,79,535,Ice Body,Snow Warning*,Weak Armor
585,Deerling,Normal,Grass,60,60,50,40,50,75,335,Chlorophyll,Sap Sipper,Serene Grace
586,Sawsbuck,Normal,Grass,80,100,70,60,70,95,475,Chlorophyll,Sap Sipper,Serene Grace
587,Emolga,Electric,Flying,55,75,60,75,60,103,428,Static,NULL,Motor Drive
588,Karrablast,Bug,NULL,50,75,45,40,45,60,315,Swarm,Shed Skin,No Guard
589,Escavalier,Bug,Steel,70,135,105,60,105,20,495,Swarm,Shell Armor,Overcoat
590,Foongus,Grass,Poison,69,55,45,55,55,15,294,Effect Spore,NULL,Regenerator
591,Amoonguss,Grass,Poison,114,85,70,85,80,30,464,Effect Spore,NULL,Regenerator
592,Frillish,Water,Ghost,55,40,50,65,85,40,335,Water Absorb,Cursed Body,Damp
593,Jellicent,Water,Ghost,100,60,70,85,105,60,480,Water Absorb,Cursed Body,Damp
594,Alomomola,Water,NULL,165,75,80,40,45,65,470,Healer,Hydration,Regenerator
595,Joltik,Bug,Electric,50,47,50,57,50,65,319,Compound Eyes,Unnerve,Swarm
596,Galvantula,Bug,Electric,70,77,60,97,60,108,472,Compound Eyes,Unnerve,Swarm
597,Ferroseed,Grass,Steel,44,50,91,24,86,10,305,Iron Barbs,NULL,NULL
598,Ferrothorn,Grass,Steel,74,94,131,54,116,20,489,Iron Barbs,NULL,Anticipation*
599,Klink,Steel,NULL,40,55,70,45,60,30,300,Plus,Minus,Clear Body
600,Klang,Steel,NULL,60,80,95,70,85,50,440,Plus,Minus,Clear Body
601,Klinklang,Steel,NULL,60,100,115,70,85,90,520,Plus,Minus,Clear Body
602,Tynamo,Electric,NULL,35,55,40,45,40,60,275,Levitate,NULL,NULL
603,Eelektrik,Electric,NULL,65,85,70,75,70,40,405,Levitate,NULL,NULL
604,Eelektross,Electric,NULL,85,115,80,105,80,50,515,Levitate,NULL,NULL
605,Elgyem,Psychic,NULL,55,55,55,85,55,30,335,Telepathy,Synchronize,Analytic
606,Beheeyem,Psychic,NULL,75,75,75,125,95,40,485,Telepathy,Synchronize,Analytic
607,Litwick,Ghost,Fire,50,30,55,65,55,20,275,Flash Fire,Flame Body,Infiltrator*
608,Lampent,Ghost,Fire,60,40,60,95,60,55,370,Flash Fire,Flame Body,Infiltrator*
609,Chandelure,Ghost,Fire,60,55,90,145,90,80,520,Flash Fire,Flame Body,Infiltrator*
610,Axew,Dragon,NULL,46,87,60,30,40,57,320,Rivalry,Mold Breaker,Unnerve
611,Fraxure,Dragon,NULL,66,117,70,40,50,67,410,Rivalry,Mold Breaker,Unnerve
612,Haxorus,Dragon,NULL,76,147,90,60,70,97,540,Rivalry,Mold Breaker,Unnerve
613,Cubchoo,Ice,NULL,55,70,40,60,40,40,305,Snow Cloak,Slush Rush*,Rattled
614,Beartic,Ice,NULL,95,130,80,70,80,50,505,Snow Cloak,Slush Rush*,Swift Swim
615,Cryogonal,Ice,NULL,80,50,50,95,135,105,515,Levitate,NULL,NULL
616,Shelmet,Bug,NULL,50,40,85,40,65,25,305,Hydration,Shell Armor,Overcoat
617,Accelgor,Bug,NULL,80,70,40,100,60,145,495,Hydration,Sticky Hold,Unburden
618,Stunfisk,Ground,Electric,109,66,84,81,99,32,471,Static,Limber,Sand Veil
618,Stunfisk-Galar,Ground,Steel,109,81,99,66,84,32,471,Mimicry,NULL,NULL
619,Mienfoo,Fighting,NULL,45,85,50,55,50,65,350,Inner Focus,Regenerator,Reckless
620,Mienshao,Fighting,NULL,65,125,60,95,60,105,510,Inner Focus,Regenerator,Reckless
621,Druddigon,Dragon,NULL,77,120,90,60,90,48,485,Rough Skin,Sheer Force,Mold Breaker
622,Golett,Ground,Ghost,59,74,50,35,50,35,303,Iron Fist,Klutz,No Guard
623,Golurk,Ground,Ghost,89,124,80,55,80,55,483,Iron Fist,Klutz,No Guard
624,Pawniard,Dark,Steel,45,85,70,40,40,60,340,Defiant,Inner Focus,Pressure
625,Bisharp,Dark,Steel,65,125,100,60,70,70,490,Defiant,Inner Focus,Pressure
626,Bouffalant,Normal,NULL,95,110,95,40,95,55,490,Reckless,Sap Sipper,Soundproof
627,Rufflet,Normal,Flying,70,83,50,37,50,60,350,Keen Eye,Sheer Force,Hustle
628,Braviary,Normal,Flying,100,123,75,57,75,80,510,Keen Eye,Sheer Force,Defiant
629,Vullaby,Dark,Flying,70,55,75,45,65,60,370,Big Pecks,Overcoat,Weak Armor
630,Mandibuzz,Dark,Flying,110,65,105,55,95,80,510,Big Pecks,Overcoat,Weak Armor
631,Heatmor,Fire,NULL,85,97,66,105,66,65,484,Gluttony,Flash Fire,White Smoke
632,Durant,Bug,Steel,58,109,112,48,48,109,484,Swarm,Hustle,Truant
633,Deino,Dark,Dragon,52,65,50,45,50,38,300,Hustle,NULL,NULL
634,Zweilous,Dark,Dragon,72,85,70,65,70,58,420,Hustle,NULL,NULL
635,Hydreigon,Dark,Dragon,92,105,90,125,90,98,600,Levitate,NULL,NULL
636,Larvesta,Bug,Fire,55,85,55,50,55,60,360,Flame Body,NULL,Swarm
637,Volcarona,Bug,Fire,85,60,65,135,105,100,550,Flame Body,NULL,Swarm
638,Cobalion,Steel,Fighting,91,90,129,90,72,108,580,Justified,NULL,NULL
639,Terrakion,Rock,Fighting,91,129,90,72,90,108,580,Justified,NULL,NULL
640,Virizion,Grass,Fighting,91,90,72,90,129,108,580,Justified,NULL,NULL
641,Tornadus,Flying,NULL,79,115,70,125,80,111,580,Prankster,NULL,Defiant
641,Tornadus-Therian,Flying,NULL,79,100,80,110,90,121,580,Regenerator,NULL,NULL
642,Thundurus,Electric,Flying,79,115,70,125,80,111,580,Prankster,NULL,Defiant
642,Thundurus-Therian,Electric,Flying,79,105,70,145,80,101,580,Volt Absorb,NULL,NULL
643,Reshiram,Dragon,Fire,100,120,100,150,120,90,680,Turboblaze,NULL,NULL
644,Zekrom,Dragon,Electric,100,150,120,120,100,90,680,Teravolt,NULL,NULL
645,Landorus,Ground,Flying,89,125,90,115,80,101,600,Sand Force,NULL,Sheer Force
645,Landorus-Therian,Ground,Flying,89,145,90,105,80,91,600,Intimidate,NULL,NULL
646,Kyurem,Dragon,Ice,125,130,90,130,90,95,660,Pressure,NULL,NULL
646,Kyurem-Black,Dragon,Ice,125,170,100,120,90,95,700,Teravolt,NULL,NULL
646,Kyurem-White,Dragon,Ice,125,120,90,170,100,95,700,Turboblaze,NULL,NULL
647,Keldeo,Water,Fighting,91,72,90,129,90,108,580,Justified,NULL,NULL
648,Meloetta,Normal,Psychic,100,77,77,128,128,90,600,Serene Grace,NULL,NULL
648,Meloetta-Pirouette,Normal,Fighting,100,128,90,77,77,128,600,Serene Grace,NULL,NULL
649,Genesect,Bug,Steel,71,120,95,120,95,99,600,Download,NULL,NULL
650,Chespin,Grass,NULL,56,61,65,48,45,38,313,Overgrow,NULL,Bulletproof
651,Quilladin,Grass,NULL,61,78,95,56,58,57,405,Overgrow,NULL,Bulletproof
652,Chesnaught,Grass,Fighting,88,107,122,74,75,64,530,Overgrow,NULL,Bulletproof
653,Fennekin,Fire,NULL,40,45,40,62,60,60,307,Blaze,NULL,Magician
654,Braixen,Fire,NULL,59,59,58,90,70,73,409,Blaze,NULL,Magician
655,Delphox,Fire,Psychic,75,69,72,114,100,104,534,Blaze,NULL,Magician
656,Froakie,Water,NULL,41,56,40,62,44,71,314,Torrent,NULL,Protean
657,Frogadier,Water,NULL,54,63,52,83,56,97,405,Torrent,NULL,Protean
658,Greninja,Water,Dark,72,95,67,103,71,122,530,Torrent,NULL,Protean
658,Greninja-Ash,Water,Dark,72,145,67,153,71,132,640,Battle Bond,NULL,NULL
659,Bunnelby,Normal,NULL,38,36,38,32,36,57,237,Pickup,Cheek Pouch,Huge Power
660,Diggersby,Normal,Ground,85,56,77,50,77,78,423,Pickup,Cheek Pouch,Huge Power
661,Fletchling,Normal,Flying,45,50,43,40,38,62,278,Big Pecks,NULL,Gale Wings
662,Fletchinder,Fire,Flying,62,73,55,56,52,84,382,Flame Body,NULL,Gale Wings
663,Talonflame,Fire,Flying,78,81,71,74,69,126,499,Flame Body,NULL,Gale Wings
664,Scatterbug,Bug,NULL,38,35,40,27,25,35,200,Shield Dust,Compound Eyes,Friend Guard
665,Spewpa,Bug,NULL,45,22,60,27,30,29,213,Shed Skin,NULL,Friend Guard
666,Vivillon,Bug,Flying,80,52,50,90,50,89,411,Shield Dust,Compound Eyes,Friend Guard
667,Litleo,Fire,Normal,62,50,58,73,54,72,369,Rivalry,Unnerve,Moxie
668,Pyroar,Fire,Normal,86,68,72,109,66,106,507,Rivalry,Unnerve,Moxie
669,Flabébé,Fairy,NULL,44,38,39,61,79,42,303,Flower Veil,NULL,Symbiosis
670,Floette,Fairy,NULL,54,45,47,75,98,52,371,Flower Veil,NULL,Symbiosis
671,Florges,Fairy,NULL,78,65,68,112,154,75,552,Flower Veil,NULL,Symbiosis
672,Skiddo,Grass,NULL,66,65,48,62,57,52,350,Sap Sipper,NULL,Grass Pelt
673,Gogoat,Grass,NULL,123,100,62,97,81,68,531,Sap Sipper,NULL,Grass Pelt
674,Pancham,Fighting,NULL,67,82,62,46,48,43,348,Iron Fist,Mold Breaker,Scrappy
675,Pangoro,Fighting,Dark,95,124,78,69,71,58,495,Iron Fist,Mold Breaker,Scrappy
676,Furfrou,Normal,NULL,75,80,60,65,90,102,472,Fur Coat,NULL,NULL
677,Espurr,Psychic,NULL,62,48,54,63,60,68,355,Keen Eye,Infiltrator,Own Tempo
678,Meowstic-Male,Psychic,NULL,74,48,76,83,81,104,466,Keen Eye,Infiltrator,Prankster
678,Meowstic-Female,Psychic,NULL,74,48,76,83,81,104,466,Keen Eye,Infiltrator,Competitive
679,Honedge,Steel,Ghost,45,80,100,35,37,28,325,No Guard,NULL,NULL
680,Doublade,Steel,Ghost,59,110,150,45,49,35,448,No Guard,NULL,NULL
681,Aegislash,Steel,Ghost,60,50,140,50,140,60,500,Stance Change,NULL,NULL
681,Aegislash-Blade,Steel,Ghost,60,140,50,140,50,60,500,Stance Change,NULL,NULL
682,Spritzee,Fairy,NULL,78,52,60,63,65,23,341,Healer,NULL,Aroma Veil
683,Aromatisse,Fairy,NULL,101,72,72,99,89,29,462,Healer,NULL,Aroma Veil
684,Swirlix,Fairy,NULL,62,48,66,59,57,49,341,Sweet Veil,NULL,Unburden
685,Slurpuff,Fairy,NULL,82,80,86,85,75,72,480,Sweet Veil,NULL,Unburden
686,Inkay,Dark,Psychic,53,54,53,37,46,45,288,Contrary,Suction Cups,Infiltrator
687,Malamar,Dark,Psychic,86,92,88,68,75,73,482,Contrary,Suction Cups,Infiltrator
688,Binacle,Rock,Water,42,52,67,39,56,50,306,Tough Claws,Sniper,Pickpocket
689,Barbaracle,Rock,Water,72,105,115,54,86,68,500,Tough Claws,Sniper,Pickpocket
690,Skrelp,Poison,Water,50,60,60,60,60,30,320,Poison Point,Poison Touch,Adaptability
691,Dragalge,Poison,Dragon,65,75,90,97,123,44,494,Poison Point,Poison Touch,Adaptability
692,Clauncher,Water,NULL,50,53,62,58,63,44,330,Mega Launcher,NULL,NULL
693,Clawitzer,Water,NULL,71,73,88,120,89,59,500,Mega Launcher,NULL,NULL
694,Helioptile,Electric,Normal,44,38,33,61,43,70,289,Dry Skin,Sand Veil,Solar Power
695,Heliolisk,Electric,Normal,62,55,52,109,94,109,481,Dry Skin,Sand Veil,Solar Power
696,Tyrunt,Rock,Dragon,58,89,77,45,45,48,362,Strong Jaw,NULL,Sturdy
697,Tyrantrum,Rock,Dragon,82,121,119,69,59,71,521,Strong Jaw,NULL,Rock Head
698,Amaura,Rock,Ice,77,59,50,67,63,46,362,Refrigerate,NULL,Snow Warning
699,Aurorus,Rock,Ice,123,77,72,99,92,58,521,Refrigerate,NULL,Snow Warning
700,Sylveon,Fairy,NULL,95,65,65,110,130,60,525,Cute Charm,NULL,Pixilate
701,Hawlucha,Fighting,Flying,78,92,75,74,63,118,500,Limber,Unburden,Mold Breaker
702,Dedenne,Electric,Fairy,67,58,57,81,67,101,431,Cheek Pouch,Pickup,Plus
703,Carbink,Rock,Fairy,50,50,150,50,150,50,500,Clear Body,NULL,Sturdy
704,Goomy,Dragon,NULL,45,50,35,55,75,40,300,Sap Sipper,Hydration,Gooey
705,Sliggoo,Dragon,NULL,68,75,53,83,113,60,452,Sap Sipper,Hydration,Gooey
706,Goodra,Dragon,NULL,90,100,70,110,150,80,600,Sap Sipper,Hydration,Gooey
707,Klefki,Steel,Fairy,57,80,91,80,87,75,470,Prankster,NULL,Magician
708,Phantump,Ghost,Grass,43,70,48,50,60,38,309,Natural Cure,Frisk,Harvest
709,Trevenant,Ghost,Grass,85,110,76,65,82,56,474,Natural Cure,Frisk,Harvest
710,Pumpkaboo-Average,Ghost,Grass,49,66,70,44,55,51,335,Pickup,Frisk,Insomnia
710,Pumpkaboo-Small,Ghost,Grass,44,66,70,44,55,56,335,Pickup,Frisk,Insomnia
710,Pumpkaboo-Large,Ghost,Grass,54,66,70,44,55,46,335,Pickup,Frisk,Insomnia
710,Pumpkaboo-Super,Ghost,Grass,59,66,70,44,55,41,335,Pickup,Frisk,Insomnia
711,Gourgeist-Average,Ghost,Grass,65,90,122,58,75,84,494,Pickup,Frisk,Insomnia
711,Gourgeist-Small,Ghost,Grass,55,85,122,58,75,99,494,Pickup,Frisk,Insomnia
711,Gourgeist-Large,Ghost,Grass,75,95,122,58,75,69,494,Pickup,Frisk,Insomnia
711,Gourgeist-Super,Ghost,Grass,85,100,122,58,75,54,494,Pickup,Frisk,Insomnia
712,Bergmite,Ice,NULL,55,69,85,32,35,28,304,Own Tempo,Ice Body,Sturdy
713,Avalugg,Ice,NULL,95,117,184,44,46,28,514,Own Tempo,Ice Body,Sturdy
714,Noibat,Flying,Dragon,40,30,35,45,40,55,245,Frisk,Infiltrator,Telepathy
715,Noivern,Flying,Dragon,85,70,80,97,80,123,535,Frisk,Infiltrator,Telepathy
716,Xerneas,Fairy,NULL,126,131,95,131,98,99,680,Fairy Aura,NULL,NULL
717,Yveltal,Dark,Flying,126,131,95,131,98,99,680,Dark Aura,NULL,NULL
718,Zygarde,Dragon,Ground,108,100,121,81,95,95,600,Aura Break,Power Construct,NULL
718,Zygarde-10%,Dragon,Ground,54,100,71,61,85,115,486,Aura Break,Power Construct,NULL
718,Zygarde-Complete,Dragon,Ground,216,100,121,91,95,85,708,Power Construct,NULL,NULL
719,Diancie,Rock,Fairy,50,100,150,100,150,50,600,Clear Body,NULL,NULL
720,Hoopa,Psychic,Ghost,80,110,60,150,130,70,600,Magician,NULL,NULL
720,Hoopa-Unbound,Psychic,Dark,80,160,60,170,130,80,680,Magician,NULL,NULL
721,Volcanion,Fire,Water,80,110,120,130,90,70,600,Water Absorb,NULL,NULL
722,Rowlet,Grass,Flying,68,55,55,50,50,42,320,Overgrow,NULL,Long Reach
723,Dartrix,Grass,Flying,78,75,75,70,70,52,420,Overgrow,NULL,Long Reach
724,Decidueye,Grass,Ghost,78,107,75,100,100,70,530,Overgrow,NULL,Long Reach
725,Litten,Fire,NULL,45,65,40,60,40,70,320,Blaze,NULL,Intimidate
726,Torracat,Fire,NULL,65,85,50,80,50,90,420,Blaze,NULL,Intimidate
727,Incineroar,Fire,Dark,95,115,90,80,90,60,530,Blaze,NULL,Intimidate
728,Popplio,Water,NULL,50,54,54,66,56,40,320,Torrent,NULL,Liquid Voice
729,Brionne,Water,NULL,60,69,69,91,81,50,420,Torrent,NULL,Liquid Voice
730,Primarina,Water,Fairy,80,74,74,126,116,60,530,Torrent,NULL,Liquid Voice
731,Pikipek,Normal,Flying,35,75,30,30,30,65,265,Keen Eye,Skill Link,Pickup
732,Trumbeak,Normal,Flying,55,85,50,40,50,75,355,Keen Eye,Skill Link,Pickup
733,Toucannon,Normal,Flying,80,120,75,75,75,60,485,Keen Eye,Skill Link,Sheer Force
734,Yungoos,Normal,NULL,48,70,30,30,30,45,253,Stakeout,Strong Jaw,Adaptability
735,Gumshoos,Normal,NULL,88,110,60,55,60,45,418,Stakeout,Strong Jaw,Adaptability
736,Grubbin,Bug,NULL,47,62,45,55,45,46,300,Swarm,NULL,NULL
737,Charjabug,Bug,Electric,57,82,95,55,75,36,400,Battery,NULL,NULL
738,Vikavolt,Bug,Electric,77,70,90,145,75,43,500,Levitate,NULL,NULL
739,Crabrawler,Fighting,NULL,47,82,57,42,47,63,338,Hyper Cutter,Iron Fist,Anger Point
740,Crabominable,Fighting,Ice,97,132,77,62,67,43,478,Hyper Cutter,Iron Fist,Anger Point
741,Oricorio-Baile,Fire,Flying,75,70,70,98,70,93,476,Dancer,NULL,NULL
741,Oricorio-PomPom,Electric,Flying,75,70,70,98,70,93,476,Dancer,NULL,NULL
741,Oricorio-Pau,Psychic,Flying,75,70,70,98,70,93,476,Dancer,NULL,NULL
741,Oricorio-Sensu,Ghost,Flying,75,70,70,98,70,93,476,Dancer,NULL,NULL
742,Cutiefly,Bug,Fairy,40,45,40,55,40,84,304,Honey Gather,Shield Dust,Sweet Veil
743,Ribombee,Bug,Fairy,60,55,60,95,70,124,464,Honey Gather,Shield Dust,Sweet Veil
744,Rockruff,Rock,NULL,45,65,40,30,40,60,280,Keen Eye,Vital Spirit,Steadfast/Own Tempo
745,Lycanroc-Midday,Rock,NULL,75,115,65,55,65,112,487,Keen Eye,Sand Rush,Steadfast
745,Lycanroc-Midnight,Rock,NULL,85,115,75,55,75,82,487,Keen Eye,Vital Spirit,No Guard
745,Lycanroc-Dusk,Rock,NULL,75,117,65,55,65,110,487,Tough Claws,,
746,Wishiwashi,Water,NULL,45,20,20,25,25,40,175,Schooling,,
746,Wishiwashi-School,Water,NULL,45,140,130,140,135,30,620,Schooling,,
747,Mareanie,Poison,Water,50,53,62,43,52,45,305,Merciless,Limber,Regenerator
748,Toxapex,Poison,Water,50,63,152,53,142,35,495,Merciless,Limber,Regenerator
749,Mudbray,Ground,NULL,70,100,70,45,55,45,385,Own Tempo,Stamina,Inner Focus
750,Mudsdale,Ground,NULL,100,125,100,55,85,35,500,Own Tempo,Stamina,Inner Focus
751,Dewpider,Water,Bug,38,40,52,40,72,27,269,Water Bubble,NULL,Water Absorb
752,Araquanid,Water,Bug,68,70,92,50,132,42,454,Water Bubble,NULL,Water Absorb
753,Fomantis,Grass,NULL,40,55,35,50,35,35,250,Leaf Guard,NULL,Contrary
754,Lurantis,Grass,NULL,70,105,90,80,90,45,480,Leaf Guard,NULL,Contrary
755,Morelull,Grass,Fairy,40,35,55,65,75,15,285,Illuminate,Effect Spore,Rain Dish
756,Shiinotic,Grass,Fairy,60,45,80,90,100,30,405,Illuminate,Effect Spore,Rain Dish
757,Salandit,Poison,Fire,48,44,40,71,40,77,320,Corrosion,NULL,Oblivious
758,Salazzle,Poison,Fire,68,64,60,111,60,117,480,Corrosion,NULL,Oblivious
759,Stufful,Normal,Fighting,70,75,50,45,50,50,340,Fluffy,Klutz,Cute Charm
760,Bewear,Normal,Fighting,120,125,80,55,60,60,500,Fluffy,Klutz,Unnerve
761,Bounsweet,Grass,NULL,42,30,38,30,38,32,210,Leaf Guard,Oblivious,Sweet Veil
762,Steenee,Grass,NULL,52,40,48,40,48,62,290,Leaf Guard,Oblivious,Sweet Veil
763,Tsareena,Grass,NULL,72,120,98,50,98,72,510,Leaf Guard,Queenly Majesty,Sweet Veil
764,Comfey,Fairy,NULL,51,52,90,82,110,100,485,Flower Veil,Triage,Natural Cure
765,Oranguru,Normal,Psychic,90,60,80,90,110,60,490,Inner Focus,Telepathy,Symbiosis
766,Passimian,Fighting,NULL,100,120,90,40,60,80,490,Receiver,NULL,Defiant
767,Wimpod,Bug,Water,25,35,40,20,30,80,230,Wimp Out,NULL,NULL
768,Golisopod,Bug,Water,75,125,140,60,90,40,530,Emergency Exit,NULL,NULL
769,Sandygast,Ghost,Ground,55,55,80,70,45,15,320,Water Compaction,NULL,Sand Veil
770,Palossand,Ghost,Ground,85,75,110,100,75,35,480,Water Compaction,NULL,Sand Veil
771,Pyukumuku,Water,NULL,55,60,130,30,130,5,410,Innards Out,NULL,Unaware
772,Type: Null,Normal,NULL,95,95,95,95,95,59,534,Battle Armor,NULL,NULL
773,Silvally,Normal,NULL,95,95,95,95,95,95,570,RKS System,NULL,NULL
774,Minior,Rock,Flying,60,60,100,60,100,60,440,Shields Down,NULL,NULL
774,Minior-ShieldsDown,Rock,Flying,60,100,60,100,60,120,500,Shields Down,NULL,NULL
775,Komala,Normal,NULL,65,115,65,75,95,65,480,Comatose,NULL,NULL
776,Turtonator,Fire,Dragon,60,78,135,91,85,36,485,Shell Armor,NULL,NULL
777,Togedemaru,Electric,Steel,65,98,63,40,73,96,435,Iron Barbs,Lightning Rod,Sturdy
778,Mimikyu,Ghost,Fairy,55,90,80,50,105,96,476,Disguise,NULL,NULL
779,Bruxish,Water,Psychic,68,105,70,70,70,92,475,Dazzling,Strong Jaw,Wonder Skin
780,Drampa,Normal,Dragon,78,60,85,135,91,36,485,Berserk,Sap Sipper,Cloud Nine
781,Dhelmise,Ghost,Grass,70,131,100,86,90,40,517,Steelworker,NULL,NULL
782,Jangmo-o,Dragon,NULL,45,55,65,45,45,45,300,Bulletproof,Soundproof,Overcoat
783,Hakamo-o,Dragon,Fighting,55,75,90,65,70,65,420,Bulletproof,Soundproof,Overcoat
784,Kommo-o,Dragon,Fighting,75,110,125,100,105,85,600,Bulletproof,Soundproof,Overcoat
785,Tapu Koko,Electric,Fairy,70,115,85,95,75,130,570,Electric Surge,NULL,Telepathy
786,Tapu Lele,Psychic,Fairy,70,85,75,130,115,95,570,Psychic Surge,NULL,Telepathy
787,Tapu Bulu,Grass,Fairy,70,130,115,85,95,75,570,Grassy Surge,NULL,Telepathy
788,Tapu Fini,Water,Fairy,70,75,115,95,130,85,570,Misty Surge,NULL,Telepathy
789,Cosmog,Psychic,NULL,43,29,31,29,31,37,200,Unaware,NULL,NULL
790,Cosmoem,Psychic,NULL,43,29,131,29,131,37,400,Sturdy,NULL,NULL
791,Solgaleo,Psychic,Steel,137,137,107,113,89,97,680,Full Metal Body,NULL,NULL
792,Lunala,Psychic,Ghost,137,113,89,137,107,97,680,Shadow Shield,NULL,NULL
793,Nihilego,Rock,Poison,109,53,47,127,131,103,570,Beast Boost,NULL,NULL
794,Buzzwole,Bug,Fighting,107,139,139,53,53,79,570,Beast Boost,NULL,NULL
795,Pheromosa,Bug,Fighting,71,137,37,137,37,151,570,Beast Boost,NULL,NULL
796,Xurkitree,Electric,NULL,83,89,71,173,71,83,570,Beast Boost,NULL,NULL
797,Celesteela,Steel,Flying,97,101,103,107,101,61,570,Beast Boost,NULL,NULL
798,Kartana,Grass,Steel,59,181,131,59,31,109,570,Beast Boost,NULL,NULL
799,Guzzlord,Dark,Dragon,223,101,53,97,53,43,570,Beast Boost,NULL,NULL
800,Necrozma,Psychic,NULL,97,107,101,127,89,79,600,Prism Armor,NULL,NULL
800,Necrozma-DuskMane,Psychic,Steel,97,157,127,113,109,77,680,Prism Armor,NULL,NULL
800,Necrozma-DawnWings,Psychic,Ghost,97,113,109,157,127,77,680,Prism Armor,NULL,NULL
800,Necrozma-Ultra,Psychic,Dragon,97,167,97,167,97,129,754,Neuroforce,NULL,NULL
801,Magearna,Steel,Fairy,80,95,115,130,115,65,600,Soul-Heart,NULL,NULL
802,Marshadow,Fighting,Ghost,90,125,80,90,90,125,600,Technician,NULL,NULL
803,Poipole,Poison,NULL,67,73,67,73,67,73,420,Beast Boost,NULL,NULL
804,Naganadel,Poison,Dragon,73,73,73,127,73,121,540,Beast Boost,NULL,NULL
805,Stakataka,Rock,Steel,61,131,211,53,101,13,570,Beast Boost,NULL,NULL
806,Blacephalon,Fire,Ghost,53,127,53,151,79,107,570,Beast Boost,NULL,NULL
807,Zeraora,Electric,NULL,88,112,75,102,80,143,600,Volt Absorb,NULL,NULL
808,Meltan,Steel,NULL,46,65,65,55,35,34,300,Magnet Pull,NULL,NULL
809,Melmetal,Steel,NULL,135,143,143,80,65,34,600,Iron Fist,NULL,NULL
810,Grookey,Grass,NULL,50,65,50,40,40,65,310,Overgrow,NULL,Grassy Surge
811,Thwackey,Grass,NULL,70,85,70,55,60,80,420,Overgrow,NULL,Grassy Surge
812,Rillaboom,Grass,NULL,100,125,90,60,70,85,530,Overgrow,NULL,Grassy Surge
813,Scorbunny,Fire,NULL,50,71,40,40,40,69,310,Blaze,NULL,Libero
814,Raboot,Fire,NULL,65,86,60,55,60,94,420,Blaze,NULL,Libero
815,Cinderace,Fire,NULL,80,116,75,65,75,119,530,Blaze,NULL,Libero
816,Sobble,Water,NULL,50,40,40,70,40,70,310,Torrent,NULL,Sniper
817,Drizzile,Water,NULL,65,60,55,95,55,90,420,Torrent,NULL,Sniper
818,Inteleon,Water,NULL,70,85,65,125,65,120,530,Torrent,NULL,Sniper
819,Skwovet,Normal,NULL,70,55,55,35,35,25,275,Cheek Pouch,NULL,Gluttony
820,Greedent,Normal,NULL,120,95,95,55,75,20,460,Cheek Pouch,NULL,Gluttony
821,Rookidee,Flying,NULL,38,47,35,33,35,57,245,Keen Eye,Unnerve,Big Pecks
822,Corvisquire,Flying,NULL,68,67,55,43,55,77,365,Keen Eye,Unnerve,Big Pecks
823,Corviknight,Flying,Steel,98,87,105,53,85,67,495,Pressure,Unnerve,Mirror Armor
824,Blipbug,Bug,NULL,25,20,20,25,45,45,180,Swarm,Compound Eyes,Telepathy
825,Dottler,Bug,Psychic,50,35,80,50,90,30,335,Swarm,Compound Eyes,Telepathy
826,Orbeetle,Bug,Psychic,60,45,110,80,120,90,505,Swarm,Frisk,Telepathy
827,Nickit,Dark,NULL,40,28,28,47,52,50,245,Run Away,Unburden,Stakeout
828,Thievul,Dark,NULL,70,58,58,87,92,90,455,Run Away,Unburden,Stakeout
829,Gossifleur,Grass,NULL,40,40,60,40,60,10,250,Cotton Down,Regenerator,Effect Spore
830,Eldegoss,Grass,NULL,60,50,90,80,120,60,460,Cotton Down,Regenerator,Effect Spore
831,Wooloo,Normal,NULL,42,40,55,40,45,48,270,Fluffy,Run Away,Bulletproof
832,Dubwool,Normal,NULL,72,80,100,60,90,88,490,Fluffy,Steadfast,Bulletproof
833,Chewtle,Water,NULL,50,64,50,38,38,44,284,Strong Jaw,Shell Armor,Swift Swim
834,Drednaw,Water,Rock,90,115,90,48,68,74,485,Strong Jaw,Shell Armor,Swift Swim
835,Yamper,Electric,NULL,59,45,50,40,50,26,270,Ball Fetch,NULL,Rattled
836,Boltund,Electric,NULL,69,90,60,90,60,121,490,Strong Jaw,NULL,Competitive
837,Rolycoly,Rock,NULL,30,40,50,40,50,30,240,Steam Engine,Heatproof,Flash Fire
838,Carkol,Rock,Fire,80,60,90,60,70,50,410,Steam Engine,Flame Body,Flash Fire
839,Coalossal,Rock,Fire,110,80,120,80,90,30,510,Steam Engine,Flame Body,Flash Fire
840,Applin,Grass,Dragon,40,40,80,40,40,20,260,Ripen,Gluttony,Bulletproof
841,Flapple,Grass,Dragon,70,110,80,95,60,70,485,Ripen,Gluttony,Hustle
842,Appletun,Grass,Dragon,110,85,80,100,80,30,485,Ripen,Gluttony,Thick Fat
843,Silicobra,Ground,NULL,52,57,75,35,50,46,315,Sand Spit,Shed Skin,Sand Veil
844,Sandaconda,Ground,NULL,72,107,125,65,70,71,510,Sand Spit,Shed Skin,Sand Veil
845,Cramorant,Flying,Water,70,85,55,85,95,85,475,Gulp Missile,NULL,NULL
846,Arrokuda,Water,NULL,41,63,40,40,30,66,280,Swift Swim,NULL,Propeller Tail
847,Barraskewda,Water,NULL,61,123,60,60,50,136,490,Swift Swim,NULL,Propeller Tail
848,Toxel,Electric,Poison,40,38,35,54,35,40,242,Rattled,Static,Klutz
849,Toxtricity,Electric,Poison,75,98,70,114,70,75,502,Punk Rock,Plus/Minus,Technician
850,Sizzlipede,Fire,Bug,50,65,45,50,50,45,305,Flash Fire,White Smoke,Flame Body
851,Centiskorch,Fire,Bug,100,115,65,90,90,65,525,Flash Fire,White Smoke,Flame Body
852,Clobbopus,Fighting,NULL,50,68,60,50,50,32,310,Limber,NULL,Technician
853,Grapploct,Fighting,NULL,80,118,90,70,80,42,480,Limber,NULL,Technician
854,Sinistea,Ghost,NULL,40,45,45,74,54,50,308,Weak Armor,NULL,Cursed Body
855,Polteageist,Ghost,NULL,60,65,65,134,114,70,508,Weak Armor,NULL,Cursed Body
856,Hatenna,Psychic,NULL,42,30,45,56,53,39,265,Healer,Anticipation,Magic Bounce
857,Hattrem,Psychic,NULL,57,40,65,86,73,49,370,Healer,Anticipation,Magic Bounce
858,Hatterene,Psychic,Fairy,57,90,95,136,103,29,510,Healer,Anticipation,Magic Bounce
859,Impidimp,Dark,Fairy,45,45,30,55,40,50,265,Prankster,Frisk,Pickpocket
860,Morgrem,Dark,Fairy,65,60,45,75,55,70,370,Prankster,Frisk,Pickpocket
861,Grimmsnarl,Dark,Fairy,95,120,65,95,75,60,510,Prankster,Frisk,Pickpocket
862,Obstagoon,Dark,Normal,93,90,101,60,81,95,520,Reckless,Guts,Defiant
863,Perrserker,Steel,NULL,70,110,100,50,60,50,440,Battle Armor,Tough Claws,Steely Spirit
864,Cursola,Ghost,NULL,60,95,50,145,130,30,510,Weak Armor,NULL,Perish Body
865,Sirfetch'd,Fighting,NULL,62,135,95,68,82,65,507,Steadfast,NULL,Scrappy
866,Mr. Rime,Ice,Psychic,80,85,75,110,100,70,520,Tangled Feet,Screen Cleaner,Ice Body
867,Runerigus,Ground,Ghost,58,95,145,50,105,30,483,Wandering Spirit,NULL,NULL
868,Milcery,Fairy,NULL,45,40,40,50,61,34,270,Sweet Veil,NULL,Aroma Veil
869,Alcremie,Fairy,NULL,65,60,75,110,121,64,495,Sweet Veil,NULL,Aroma Veil
870,Falinks,Fighting,NULL,65,100,100,70,60,75,470,Battle Armor,NULL,Defiant
871,Pincurchin,Electric,NULL,48,101,95,91,85,15,435,Lightning Rod,NULL,Electric Surge
872,Snom,Ice,Bug,30,25,35,45,30,20,185,Shield Dust,NULL,Ice Scales
873,Frosmoth,Ice,Bug,70,65,60,125,90,65,475,Shield Dust,NULL,Ice Scales
874,Stonjourner,Rock,NULL,100,125,135,20,20,70,470,Power Spot,NULL,NULL
875,Eiscue-IceFace,Ice,NULL,75,80,110,65,90,50,470,Ice Face,NULL,NULL
875,Eiscue-NoIceFace,Ice,NULL,75,80,70,65,50,130,470,Ice Face,NULL,NULL
876,Indeedee-Male,Psychic,Normal,60,65,55,105,95,95,475,Inner Focus,Synchronize,Psychic Surge
876,Indeedee-Female,Psychic,Normal,70,55,65,95,105,85,475,Own Tempo,Synchronize,Psychic Surge
877,Morpeko,Electric,Dark,58,95,58,70,58,97,436,Hunger Switch,NULL,NULL
878,Cufant,Steel,NULL,72,80,49,40,49,40,330,Sheer Force,NULL,Heavy Metal
879,Copperajah,Steel,NULL,122,130,69,80,69,30,500,Sheer Force,NULL,Heavy Metal
880,Dracozolt,Electric,Dragon,90,100,90,80,70,75,505,Volt Absorb,Hustle,Sand Rush
881,Arctozolt,Electric,Ice,90,100,90,90,80,55,505,Volt Absorb,Static,Slush Rush
882,Dracovish,Water,Dragon,90,90,100,70,80,75,505,Water Absorb,Strong Jaw,Sand Rush
883,Arctovish,Water,Ice,90,90,100,80,90,55,505,Water Absorb,Ice Body,Slush Rush
884,Duraludon,Steel,Dragon,70,95,115,120,50,85,535,Light Metal,Heavy Metal,Stalwart
885,Dreepy,Dragon,Ghost,28,60,30,40,30,82,270,Clear Body,Infiltrator,Cursed Body
886,Drakloak,Dragon,Ghost,68,80,50,60,50,102,410,Clear Body,Infiltrator,Cursed Body
887,Dragapult,Dragon,Ghost,88,120,75,100,75,142,600,Clear Body,Infiltrator,Cursed Body
888,Zacian,Fairy,NULL,92,170,115,80,115,148,720,Intrepid Sword,NULL,NULL
888,Zacian-Crowned,Fairy,Steel,92,130,115,80,115,138,670,Intrepid Sword,NULL,NULL
889,Zamazenta,Fighting,NULL,92,130,145,80,145,128,720,Dauntless Shield,NULL,NULL
889,Zamazenta-Crowned,Fighting,Steel,92,130,115,80,115,138,670,Dauntless Shield,NULL,NULL
890,Eternatus,Poison,Dragon,140,85,95,145,95,130,690,Pressure,NULL,NULL
891,Kubfu,Fighting,NULL,60,90,60,53,50,72,385,Inner Focus,NULL,NULL
892,Urshifu-Single,Fighting,Dark,100,130,100,63,60,97,550,Unseen Fist,NULL,NULL
892,Urshifu-Rapid,Fighting,Water,100,130,100,63,60,97,550,Unseen Fist,NULL,NULL
893,Zarude,Dark,Grass,105,120,105,70,95,105,600,Leaf Guard,NULL,NULL
894,Regieleki,Electric,NULL,80,100,50,100,50,200,580,Transistor,NULL,NULL
895,Regidrago,Dragon,NULL,200,100,50,100,50,80,580,Dragon's Maw,NULL,NULL
896,Glastrier,Ice,NULL,100,145,130,65,110,30,580,Chilling Neigh,NULL,NULL
897,Spectrier,Ghost,NULL,100,65,60,145,80,130,580,Grim Neigh,NULL,NULL
898,Calyrex,Psychic,Grass,100,80,80,80,80,80,500,Unnerve,NULL,NULL
898,Calyrex-Ice,Psychic,Ice,100,165,150,85,130,50,680,As One,NULL,NULL
898,Calyrex-Shadow,Psychic,Ghost,100,85,80,165,100,150,680,As One,NULL,NULL